"bidding_exercise","category","month","year","quota_premium"
"2","Cat A: ≤1600cc or ≤97kW","Jun",2025,98124
"2","Cat B: >1600cc or >97kW","Jun",2025,116670
"2","Cat C: Buses","Jun",2025,65000
"2","Cat D: Motorcycles","Jun",2025,8600
"1","Cat A: ≤1600cc or ≤97kW","Jun",2025,96999
"1","Cat B: >1600cc or >97kW","Jun",2025,113000
"1","Cat C: Buses","Jun",2025,62000
"1","Cat D: Motorcycles","Jun",2025,9000
"2","Cat A: ≤1600cc or ≤97kW","May",2025,102501
"2","Cat B: >1600cc or >97kW","May",2025,116988
"2","Cat C: Buses","May",2025,63189
"2","Cat D: Motorcycles","May",2025,8707
"1","Cat A: ≤1600cc or ≤97kW","May",2025,103009
"1","Cat B: >1600cc or >97kW","May",2025,119890
"1","Cat C: Buses","May",2025,62590
"1","Cat D: Motorcycles","May",2025,8709
"2","Cat A: ≤1600cc or ≤97kW","Apr",2025,99500
"2","Cat B: >1600cc or >97kW","Apr",2025,117003
"2","Cat C: Buses","Apr",2025,65001
"2","Cat D: Motorcycles","Apr",2025,9309
"1","Cat A: ≤1600cc or ≤97kW","Apr",2025,97724
"1","Cat B: >1600cc or >97kW","Apr",2025,117899
"1","Cat C: Buses","Apr",2025,68782
"1","Cat D: Motorcycles","Apr",2025,9889
"2","Cat A: ≤1600cc or ≤97kW","Mar",2025,94502
"2","Cat B: >1600cc or >97kW","Mar",2025,116890
"2","Cat C: Buses","Mar",2025,70089
"2","Cat D: Motorcycles","Mar",2025,9511
"1","Cat A: ≤1600cc or ≤97kW","Mar",2025,92730
"1","Cat B: >1600cc or >97kW","Mar",2025,113000
"1","Cat C: Buses","Mar",2025,67001
"1","Cat D: Motorcycles","Mar",2025,9201
"2","Cat A: ≤1600cc or ≤97kW","Feb",2025,92850
"2","Cat B: >1600cc or >97kW","Feb",2025,109598
"2","Cat C: Buses","Feb",2025,65189
"2","Cat D: Motorcycles","Feb",2025,8791
"1","Cat A: ≤1600cc or ≤97kW","Feb",2025,85000
"1","Cat B: >1600cc or >97kW","Feb",2025,111104
"1","Cat C: Buses","Feb",2025,62506
"1","Cat D: Motorcycles","Feb",2025,8289
"2","Cat A: ≤1600cc or ≤97kW","Jan",2025,93601
"2","Cat B: >1600cc or >97kW","Jan",2025,116625
"2","Cat C: Buses","Jan",2025,65476
"2","Cat D: Motorcycles","Jan",2025,7721
"1","Cat A: ≤1600cc or ≤97kW","Jan",2025,93699
"1","Cat B: >1600cc or >97kW","Jan",2025,121501
"1","Cat C: Buses","Jan",2025,67891
"1","Cat D: Motorcycles","Jan",2025,9001
"2","Cat A: ≤1600cc or ≤97kW","Dec",2024,96000
"2","Cat B: >1600cc or >97kW","Dec",2024,109000
"2","Cat C: Buses","Dec",2024,69890
"2","Cat D: Motorcycles","Dec",2024,8381
"1","Cat A: ≤1600cc or ≤97kW","Dec",2024,94000
"1","Cat B: >1600cc or >97kW","Dec",2024,103010
"1","Cat C: Buses","Dec",2024,70289
"1","Cat D: Motorcycles","Dec",2024,7878
"2","Cat A: ≤1600cc or ≤97kW","Nov",2024,89889
"2","Cat B: >1600cc or >97kW","Nov",2024,105081
"2","Cat C: Buses","Nov",2024,69000
"2","Cat D: Motorcycles","Nov",2024,8669
"1","Cat A: ≤1600cc or ≤97kW","Nov",2024,99889
"1","Cat B: >1600cc or >97kW","Nov",2024,108001
"1","Cat C: Buses","Nov",2024,68340
"1","Cat D: Motorcycles","Nov",2024,9089
"2","Cat A: ≤1600cc or ≤97kW","Oct",2024,102900
"2","Cat B: >1600cc or >97kW","Oct",2024,113890
"2","Cat C: Buses","Oct",2024,72939
"2","Cat D: Motorcycles","Oct",2024,9589
"1","Cat A: ≤1600cc or ≤97kW","Oct",2024,103799
"1","Cat B: >1600cc or >97kW","Oct",2024,116002
"1","Cat C: Buses","Oct",2024,75009
"1","Cat D: Motorcycles","Oct",2024,10001
"2","Cat A: ≤1600cc or ≤97kW","Sep",2024,98524
"2","Cat B: >1600cc or >97kW","Sep",2024,110001
"2","Cat C: Buses","Sep",2024,74000
"2","Cat D: Motorcycles","Sep",2024,9900
"1","Cat A: ≤1600cc or ≤97kW","Sep",2024,96490
"1","Cat B: >1600cc or >97kW","Sep",2024,106300
"1","Cat C: Buses","Sep",2024,74001
"1","Cat D: Motorcycles","Sep",2024,9801
"2","Cat A: ≤1600cc or ≤97kW","Aug",2024,93900
"2","Cat B: >1600cc or >97kW","Aug",2024,105889
"2","Cat C: Buses","Aug",2024,72400
"2","Cat D: Motorcycles","Aug",2024,9310
"1","Cat A: ≤1600cc or ≤97kW","Aug",2024,94289
"1","Cat B: >1600cc or >97kW","Aug",2024,106101
"1","Cat C: Buses","Aug",2024,71100
"1","Cat D: Motorcycles","Aug",2024,9601
"2","Cat A: ≤1600cc or ≤97kW","Jul",2024,91899
"2","Cat B: >1600cc or >97kW","Jul",2024,1e+05
"2","Cat C: Buses","Jul",2024,70601
"2","Cat D: Motorcycles","Jul",2024,9089
"1","Cat A: ≤1600cc or ≤97kW","Jul",2024,91001
"1","Cat B: >1600cc or >97kW","Jul",2024,100901
"1","Cat C: Buses","Jul",2024,70001
"1","Cat D: Motorcycles","Jul",2024,8900
"2","Cat A: ≤1600cc or ≤97kW","Jun",2024,90889
"2","Cat B: >1600cc or >97kW","Jun",2024,102334
"2","Cat C: Buses","Jun",2024,69900
"2","Cat D: Motorcycles","Jun",2024,9002
"1","Cat A: ≤1600cc or ≤97kW","Jun",2024,88200
"1","Cat B: >1600cc or >97kW","Jun",2024,100607
"1","Cat C: Buses","Jun",2024,70589
"1","Cat D: Motorcycles","Jun",2024,8989
"2","Cat A: ≤1600cc or ≤97kW","May",2024,92700
"2","Cat B: >1600cc or >97kW","May",2024,105689
"2","Cat C: Buses","May",2024,72001
"2","Cat D: Motorcycles","May",2024,9311
"1","Cat A: ≤1600cc or ≤97kW","May",2024,93604
"1","Cat B: >1600cc or >97kW","May",2024,105002
"1","Cat C: Buses","May",2024,70001
"1","Cat D: Motorcycles","May",2024,9503
"2","Cat A: ≤1600cc or ≤97kW","Apr",2024,94010
"2","Cat B: >1600cc or >97kW","Apr",2024,102001
"2","Cat C: Buses","Apr",2024,68502
"2","Cat D: Motorcycles","Apr",2024,9990
"1","Cat A: ≤1600cc or ≤97kW","Apr",2024,89000
"1","Cat B: >1600cc or >97kW","Apr",2024,101334
"1","Cat C: Buses","Apr",2024,67501
"1","Cat D: Motorcycles","Apr",2024,10000
"2","Cat A: ≤1600cc or ≤97kW","Mar",2024,85489
"2","Cat B: >1600cc or >97kW","Mar",2024,96011
"2","Cat C: Buses","Mar",2024,70112
"2","Cat D: Motorcycles","Mar",2024,9689
"1","Cat A: ≤1600cc or ≤97kW","Mar",2024,83000
"1","Cat B: >1600cc or >97kW","Mar",2024,96010
"1","Cat C: Buses","Mar",2024,75599
"1","Cat D: Motorcycles","Mar",2024,9400
"2","Cat A: ≤1600cc or ≤97kW","Feb",2024,76801
"2","Cat B: >1600cc or >97kW","Feb",2024,97000
"2","Cat C: Buses","Feb",2024,73001
"2","Cat D: Motorcycles","Feb",2024,8911
"1","Cat A: ≤1600cc or ≤97kW","Feb",2024,79000
"1","Cat B: >1600cc or >97kW","Feb",2024,102338
"1","Cat C: Buses","Feb",2024,72001
"1","Cat D: Motorcycles","Feb",2024,9290
"2","Cat A: ≤1600cc or ≤97kW","Jan",2024,81589
"2","Cat B: >1600cc or >97kW","Jan",2024,112000
"2","Cat C: Buses","Jan",2024,68001
"2","Cat D: Motorcycles","Jan",2024,9309
"1","Cat A: ≤1600cc or ≤97kW","Jan",2024,65010
"1","Cat B: >1600cc or >97kW","Jan",2024,85010
"1","Cat C: Buses","Jan",2024,67599
"1","Cat D: Motorcycles","Jan",2024,9114
"2","Cat A: ≤1600cc or ≤97kW","Dec",2023,85000
"2","Cat B: >1600cc or >97kW","Dec",2023,110001
"2","Cat C: Buses","Dec",2023,69423
"2","Cat D: Motorcycles","Dec",2023,9002
"1","Cat A: ≤1600cc or ≤97kW","Dec",2023,88020
"1","Cat B: >1600cc or >97kW","Dec",2023,130100
"1","Cat C: Buses","Dec",2023,71001
"1","Cat D: Motorcycles","Dec",2023,9858
"2","Cat A: ≤1600cc or ≤97kW","Nov",2023,85001
"2","Cat B: >1600cc or >97kW","Nov",2023,135336
"2","Cat C: Buses","Nov",2023,73889
"2","Cat D: Motorcycles","Nov",2023,10001
"1","Cat A: ≤1600cc or ≤97kW","Nov",2023,95689
"1","Cat B: >1600cc or >97kW","Nov",2023,110001
"1","Cat C: Buses","Nov",2023,78001
"1","Cat D: Motorcycles","Nov",2023,10889
"2","Cat A: ≤1600cc or ≤97kW","Oct",2023,106000
"2","Cat B: >1600cc or >97kW","Oct",2023,150001
"2","Cat C: Buses","Oct",2023,84790
"2","Cat D: Motorcycles","Oct",2023,11201
"1","Cat A: ≤1600cc or ≤97kW","Oct",2023,104000
"1","Cat B: >1600cc or >97kW","Oct",2023,146002
"1","Cat C: Buses","Oct",2023,85900
"1","Cat D: Motorcycles","Oct",2023,10856
"2","Cat A: ≤1600cc or ≤97kW","Sep",2023,105000
"2","Cat B: >1600cc or >97kW","Sep",2023,140889
"2","Cat C: Buses","Sep",2023,83801
"2","Cat D: Motorcycles","Sep",2023,10700
"1","Cat A: ≤1600cc or ≤97kW","Sep",2023,101000
"1","Cat B: >1600cc or >97kW","Sep",2023,134889
"1","Cat C: Buses","Sep",2023,82889
"1","Cat D: Motorcycles","Sep",2023,10901
"2","Cat A: ≤1600cc or ≤97kW","Aug",2023,1e+05
"2","Cat B: >1600cc or >97kW","Aug",2023,129890
"2","Cat C: Buses","Aug",2023,82801
"2","Cat D: Motorcycles","Aug",2023,11402
"1","Cat A: ≤1600cc or ≤97kW","Aug",2023,99499
"1","Cat B: >1600cc or >97kW","Aug",2023,126889
"1","Cat C: Buses","Aug",2023,82100
"1","Cat D: Motorcycles","Aug",2023,11501
"2","Cat A: ≤1600cc or ≤97kW","Jul",2023,95202
"2","Cat B: >1600cc or >97kW","Jul",2023,118001
"2","Cat C: Buses","Jul",2023,82001
"2","Cat D: Motorcycles","Jul",2023,10501
"1","Cat A: ≤1600cc or ≤97kW","Jul",2023,97000
"1","Cat B: >1600cc or >97kW","Jul",2023,118002
"1","Cat C: Buses","Jul",2023,82223
"1","Cat D: Motorcycles","Jul",2023,10090
"2","Cat A: ≤1600cc or ≤97kW","Jun",2023,96206
"2","Cat B: >1600cc or >97kW","Jun",2023,121000
"2","Cat C: Buses","Jun",2023,83140
"2","Cat D: Motorcycles","Jun",2023,10709
"1","Cat A: ≤1600cc or ≤97kW","Jun",2023,98001
"1","Cat B: >1600cc or >97kW","Jun",2023,120702
"1","Cat C: Buses","Jun",2023,81801
"1","Cat D: Motorcycles","Jun",2023,11001
"2","Cat A: ≤1600cc or ≤97kW","May",2023,92000
"2","Cat B: >1600cc or >97kW","May",2023,113034
"2","Cat C: Buses","May",2023,77501
"2","Cat D: Motorcycles","May",2023,10602
"1","Cat A: ≤1600cc or ≤97kW","May",2023,101001
"1","Cat B: >1600cc or >97kW","May",2023,119399
"1","Cat C: Buses","May",2023,75589
"1","Cat D: Motorcycles","May",2023,5002
"2","Cat A: ≤1600cc or ≤97kW","Apr",2023,103721
"2","Cat B: >1600cc or >97kW","Apr",2023,120889
"2","Cat C: Buses","Apr",2023,75334
"2","Cat D: Motorcycles","Apr",2023,12179
"1","Cat A: ≤1600cc or ≤97kW","Apr",2023,96501
"1","Cat B: >1600cc or >97kW","Apr",2023,118501
"1","Cat C: Buses","Apr",2023,76801
"1","Cat D: Motorcycles","Apr",2023,12001
"2","Cat A: ≤1600cc or ≤97kW","Mar",2023,93503
"2","Cat B: >1600cc or >97kW","Mar",2023,116201
"2","Cat C: Buses","Mar",2023,85389
"2","Cat D: Motorcycles","Mar",2023,12001
"1","Cat A: ≤1600cc or ≤97kW","Mar",2023,88000
"1","Cat B: >1600cc or >97kW","Mar",2023,115501
"1","Cat C: Buses","Mar",2023,91101
"1","Cat D: Motorcycles","Mar",2023,12390
"2","Cat A: ≤1600cc or ≤97kW","Feb",2023,86556
"2","Cat B: >1600cc or >97kW","Feb",2023,115001
"2","Cat C: Buses","Feb",2023,87790
"2","Cat D: Motorcycles","Feb",2023,12189
"1","Cat A: ≤1600cc or ≤97kW","Feb",2023,86000
"1","Cat B: >1600cc or >97kW","Feb",2023,105524
"1","Cat C: Buses","Feb",2023,85119
"1","Cat D: Motorcycles","Feb",2023,11602
"2","Cat A: ≤1600cc or ≤97kW","Jan",2023,86000
"2","Cat B: >1600cc or >97kW","Jan",2023,105459
"2","Cat C: Buses","Jan",2023,77109
"2","Cat D: Motorcycles","Jan",2023,11101
"1","Cat A: ≤1600cc or ≤97kW","Jan",2023,80000
"1","Cat B: >1600cc or >97kW","Jan",2023,102002
"1","Cat C: Buses","Jan",2023,77301
"1","Cat D: Motorcycles","Jan",2023,10890
"2","Cat A: ≤1600cc or ≤97kW","Dec",2022,88007
"2","Cat B: >1600cc or >97kW","Dec",2022,108006
"2","Cat C: Buses","Dec",2022,78200
"2","Cat D: Motorcycles","Dec",2022,11690
"1","Cat A: ≤1600cc or ≤97kW","Dec",2022,88503
"1","Cat B: >1600cc or >97kW","Dec",2022,105501
"1","Cat C: Buses","Dec",2022,81501
"1","Cat D: Motorcycles","Dec",2022,12100
"2","Cat A: ≤1600cc or ≤97kW","Nov",2022,90589
"2","Cat B: >1600cc or >97kW","Nov",2022,113881
"2","Cat C: Buses","Nov",2022,81802
"2","Cat D: Motorcycles","Nov",2022,12589
"1","Cat A: ≤1600cc or ≤97kW","Nov",2022,87235
"1","Cat B: >1600cc or >97kW","Nov",2022,115388
"1","Cat C: Buses","Nov",2022,76302
"1","Cat D: Motorcycles","Nov",2022,13189
"2","Cat A: ≤1600cc or ≤97kW","Oct",2022,81089
"2","Cat B: >1600cc or >97kW","Oct",2022,110000
"2","Cat C: Buses","Oct",2022,70201
"2","Cat D: Motorcycles","Oct",2022,12801
"1","Cat A: ≤1600cc or ≤97kW","Oct",2022,80501
"1","Cat B: >1600cc or >97kW","Oct",2022,95856
"1","Cat C: Buses","Oct",2022,65991
"1","Cat D: Motorcycles","Oct",2022,11751
"2","Cat A: ≤1600cc or ≤97kW","Sep",2022,84000
"2","Cat B: >1600cc or >97kW","Sep",2022,108051
"2","Cat C: Buses","Sep",2022,67001
"2","Cat D: Motorcycles","Sep",2022,11589
"1","Cat A: ≤1600cc or ≤97kW","Sep",2022,86000
"1","Cat B: >1600cc or >97kW","Sep",2022,113000
"1","Cat C: Buses","Sep",2022,64989
"1","Cat D: Motorcycles","Sep",2022,11301
"2","Cat A: ≤1600cc or ≤97kW","Aug",2022,87889
"2","Cat B: >1600cc or >97kW","Aug",2022,112001
"2","Cat C: Buses","Aug",2022,59090
"2","Cat D: Motorcycles","Aug",2022,11101
"1","Cat A: ≤1600cc or ≤97kW","Aug",2022,80000
"1","Cat B: >1600cc or >97kW","Aug",2022,107001
"1","Cat C: Buses","Aug",2022,56089
"1","Cat D: Motorcycles","Aug",2022,11000
"2","Cat A: ≤1600cc or ≤97kW","Jul",2022,78899
"2","Cat B: >1600cc or >97kW","Jul",2022,110003
"2","Cat C: Buses","Jul",2022,54889
"2","Cat D: Motorcycles","Jul",2022,10910
"1","Cat A: ≤1600cc or ≤97kW","Jul",2022,78001
"1","Cat B: >1600cc or >97kW","Jul",2022,107800
"1","Cat C: Buses","Jul",2022,54001
"1","Cat D: Motorcycles","Jul",2022,10889
"2","Cat A: ≤1600cc or ≤97kW","Jun",2022,74989
"2","Cat B: >1600cc or >97kW","Jun",2022,106001
"2","Cat C: Buses","Jun",2022,53011
"2","Cat D: Motorcycles","Jun",2022,10302
"1","Cat A: ≤1600cc or ≤97kW","Jun",2022,73801
"1","Cat B: >1600cc or >97kW","Jun",2022,100684
"1","Cat C: Buses","Jun",2022,53002
"1","Cat D: Motorcycles","Jun",2022,10000
"2","Cat A: ≤1600cc or ≤97kW","May",2022,68001
"2","Cat B: >1600cc or >97kW","May",2022,95889
"2","Cat C: Buses","May",2022,51501
"2","Cat D: Motorcycles","May",2022,9490
"1","Cat A: ≤1600cc or ≤97kW","May",2022,70901
"1","Cat B: >1600cc or >97kW","May",2022,92090
"1","Cat C: Buses","May",2022,50890
"1","Cat D: Motorcycles","May",2022,9489
"2","Cat A: ≤1600cc or ≤97kW","Apr",2022,68699
"2","Cat B: >1600cc or >97kW","Apr",2022,90002
"2","Cat C: Buses","Apr",2022,52002
"2","Cat D: Motorcycles","Apr",2022,9801
"1","Cat A: ≤1600cc or ≤97kW","Apr",2022,72996
"1","Cat B: >1600cc or >97kW","Apr",2022,98389
"1","Cat C: Buses","Apr",2022,54901
"1","Cat D: Motorcycles","Apr",2022,10503
"2","Cat A: ≤1600cc or ≤97kW","Mar",2022,71556
"2","Cat B: >1600cc or >97kW","Mar",2022,98889
"2","Cat C: Buses","Mar",2022,51504
"2","Cat D: Motorcycles","Mar",2022,10501
"1","Cat A: ≤1600cc or ≤97kW","Mar",2022,68501
"1","Cat B: >1600cc or >97kW","Mar",2022,94889
"1","Cat C: Buses","Mar",2022,48889
"1","Cat D: Motorcycles","Mar",2022,11400
"2","Cat A: ≤1600cc or ≤97kW","Feb",2022,63000
"2","Cat B: >1600cc or >97kW","Feb",2022,93590
"2","Cat C: Buses","Feb",2022,46501
"2","Cat D: Motorcycles","Feb",2022,10589
"1","Cat A: ≤1600cc or ≤97kW","Feb",2022,60761
"1","Cat B: >1600cc or >97kW","Feb",2022,86102
"1","Cat C: Buses","Feb",2022,44001
"1","Cat D: Motorcycles","Feb",2022,10010
"2","Cat A: ≤1600cc or ≤97kW","Jan",2022,57898
"2","Cat B: >1600cc or >97kW","Jan",2022,82001
"2","Cat C: Buses","Jan",2022,43001
"2","Cat D: Motorcycles","Jan",2022,10000
"1","Cat A: ≤1600cc or ≤97kW","Jan",2022,57599
"1","Cat B: >1600cc or >97kW","Jan",2022,77700
"1","Cat C: Buses","Jan",2022,42200
"1","Cat D: Motorcycles","Jan",2022,9689
"2","Cat A: ≤1600cc or ≤97kW","Dec",2021,58801
"2","Cat B: >1600cc or >97kW","Dec",2021,80989
"2","Cat C: Buses","Dec",2021,44000
"2","Cat D: Motorcycles","Dec",2021,9601
"1","Cat A: ≤1600cc or ≤97kW","Dec",2021,57010
"1","Cat B: >1600cc or >97kW","Dec",2021,80401
"1","Cat C: Buses","Dec",2021,45000
"1","Cat D: Motorcycles","Dec",2021,9401
"2","Cat A: ≤1600cc or ≤97kW","Nov",2021,55001
"2","Cat B: >1600cc or >97kW","Nov",2021,79601
"2","Cat C: Buses","Nov",2021,43502
"2","Cat D: Motorcycles","Nov",2021,9381
"1","Cat A: ≤1600cc or ≤97kW","Nov",2021,53709
"1","Cat B: >1600cc or >97kW","Nov",2021,82801
"1","Cat C: Buses","Nov",2021,42001
"1","Cat D: Motorcycles","Nov",2021,9381
"2","Cat A: ≤1600cc or ≤97kW","Oct",2021,52709
"2","Cat B: >1600cc or >97kW","Oct",2021,80210
"2","Cat C: Buses","Oct",2021,40501
"2","Cat D: Motorcycles","Oct",2021,9310
"1","Cat A: ≤1600cc or ≤97kW","Oct",2021,47001
"1","Cat B: >1600cc or >97kW","Oct",2021,70200
"1","Cat C: Buses","Oct",2021,38890
"1","Cat D: Motorcycles","Oct",2021,9052
"2","Cat A: ≤1600cc or ≤97kW","Sep",2021,48000
"2","Cat B: >1600cc or >97kW","Sep",2021,68310
"2","Cat C: Buses","Sep",2021,39000
"2","Cat D: Motorcycles","Sep",2021,9089
"1","Cat A: ≤1600cc or ≤97kW","Sep",2021,47000
"1","Cat B: >1600cc or >97kW","Sep",2021,62600
"1","Cat C: Buses","Sep",2021,40001
"1","Cat D: Motorcycles","Sep",2021,9689
"2","Cat A: ≤1600cc or ≤97kW","Aug",2021,46689
"2","Cat B: >1600cc or >97kW","Aug",2021,61001
"2","Cat C: Buses","Aug",2021,40010
"2","Cat D: Motorcycles","Aug",2021,9500
"1","Cat A: ≤1600cc or ≤97kW","Aug",2021,45189
"1","Cat B: >1600cc or >97kW","Aug",2021,56001
"1","Cat C: Buses","Aug",2021,42589
"1","Cat D: Motorcycles","Aug",2021,8899
"2","Cat A: ≤1600cc or ≤97kW","Jul",2021,47010
"2","Cat B: >1600cc or >97kW","Jul",2021,59501
"2","Cat C: Buses","Jul",2021,39523
"2","Cat D: Motorcycles","Jul",2021,8689
"1","Cat A: ≤1600cc or ≤97kW","Jul",2021,45001
"1","Cat B: >1600cc or >97kW","Jul",2021,56100
"1","Cat C: Buses","Jul",2021,38900
"1","Cat D: Motorcycles","Jul",2021,8502
"2","Cat A: ≤1600cc or ≤97kW","Jun",2021,47821
"2","Cat B: >1600cc or >97kW","Jun",2021,56032
"2","Cat C: Buses","Jun",2021,37000
"2","Cat D: Motorcycles","Jun",2021,8501
"1","Cat A: ≤1600cc or ≤97kW","Jun",2021,48510
"1","Cat B: >1600cc or >97kW","Jun",2021,60109
"1","Cat C: Buses","Jun",2021,37002
"1","Cat D: Motorcycles","Jun",2021,8703
"2","Cat A: ≤1600cc or ≤97kW","May",2021,41801
"2","Cat B: >1600cc or >97kW","May",2021,58089
"2","Cat C: Buses","May",2021,41701
"2","Cat D: Motorcycles","May",2021,8701
"1","Cat A: ≤1600cc or ≤97kW","May",2021,48002
"1","Cat B: >1600cc or >97kW","May",2021,60001
"1","Cat C: Buses","May",2021,43001
"1","Cat D: Motorcycles","May",2021,8011
"2","Cat A: ≤1600cc or ≤97kW","Apr",2021,49640
"2","Cat B: >1600cc or >97kW","Apr",2021,61190
"2","Cat C: Buses","Apr",2021,44001
"2","Cat D: Motorcycles","Apr",2021,8000
"1","Cat A: ≤1600cc or ≤97kW","Apr",2021,45600
"1","Cat B: >1600cc or >97kW","Apr",2021,52309
"1","Cat C: Buses","Apr",2021,36134
"1","Cat D: Motorcycles","Apr",2021,8000
"2","Cat A: ≤1600cc or ≤97kW","Mar",2021,44589
"2","Cat B: >1600cc or >97kW","Mar",2021,47001
"2","Cat C: Buses","Mar",2021,39589
"2","Cat D: Motorcycles","Mar",2021,7791
"1","Cat A: ≤1600cc or ≤97kW","Mar",2021,41996
"1","Cat B: >1600cc or >97kW","Mar",2021,45001
"1","Cat C: Buses","Mar",2021,37513
"1","Cat D: Motorcycles","Mar",2021,7752
"2","Cat A: ≤1600cc or ≤97kW","Feb",2021,41001
"2","Cat B: >1600cc or >97kW","Feb",2021,46002
"2","Cat C: Buses","Feb",2021,40890
"2","Cat D: Motorcycles","Feb",2021,7500
"1","Cat A: ≤1600cc or ≤97kW","Feb",2021,42000
"1","Cat B: >1600cc or >97kW","Feb",2021,46790
"1","Cat C: Buses","Feb",2021,45001
"1","Cat D: Motorcycles","Feb",2021,7506
"2","Cat A: ≤1600cc or ≤97kW","Jan",2021,40609
"2","Cat B: >1600cc or >97kW","Jan",2021,49001
"2","Cat C: Buses","Jan",2021,35900
"2","Cat D: Motorcycles","Jan",2021,7501
"1","Cat A: ≤1600cc or ≤97kW","Jan",2021,40609
"1","Cat B: >1600cc or >97kW","Jan",2021,49001
"1","Cat C: Buses","Jan",2021,35900
"1","Cat D: Motorcycles","Jan",2021,7501
"2","Cat A: ≤1600cc or ≤97kW","Dec",2020,40556
"2","Cat B: >1600cc or >97kW","Dec",2020,49300
"2","Cat C: Buses","Dec",2020,35201
"2","Cat D: Motorcycles","Dec",2020,7689
"1","Cat A: ≤1600cc or ≤97kW","Dec",2020,40714
"1","Cat B: >1600cc or >97kW","Dec",2020,45012
"1","Cat C: Buses","Dec",2020,32889
"1","Cat D: Motorcycles","Dec",2020,7670
"2","Cat A: ≤1600cc or ≤97kW","Nov",2020,37690
"2","Cat B: >1600cc or >97kW","Nov",2020,41101
"2","Cat C: Buses","Nov",2020,30334
"2","Cat D: Motorcycles","Nov",2020,7300
"1","Cat A: ≤1600cc or ≤97kW","Nov",2020,35990
"1","Cat B: >1600cc or >97kW","Nov",2020,39000
"1","Cat C: Buses","Nov",2020,31502
"1","Cat D: Motorcycles","Nov",2020,7251
"2","Cat A: ≤1600cc or ≤97kW","Oct",2020,37334
"2","Cat B: >1600cc or >97kW","Oct",2020,40990
"2","Cat C: Buses","Oct",2020,33778
"2","Cat D: Motorcycles","Oct",2020,7300
"1","Cat A: ≤1600cc or ≤97kW","Oct",2020,36534
"1","Cat B: >1600cc or >97kW","Oct",2020,40690
"1","Cat C: Buses","Oct",2020,33089
"1","Cat D: Motorcycles","Oct",2020,7451
"2","Cat A: ≤1600cc or ≤97kW","Sep",2020,38504
"2","Cat B: >1600cc or >97kW","Sep",2020,40989
"2","Cat C: Buses","Sep",2020,28589
"2","Cat D: Motorcycles","Sep",2020,7331
"1","Cat A: ≤1600cc or ≤97kW","Sep",2020,37766
"1","Cat B: >1600cc or >97kW","Sep",2020,41510
"1","Cat C: Buses","Sep",2020,26644
"1","Cat D: Motorcycles","Sep",2020,7399
"2","Cat A: ≤1600cc or ≤97kW","Aug",2020,35710
"2","Cat B: >1600cc or >97kW","Aug",2020,38802
"2","Cat C: Buses","Aug",2020,25006
"2","Cat D: Motorcycles","Aug",2020,7432
"1","Cat A: ≤1600cc or ≤97kW","Aug",2020,33000
"1","Cat B: >1600cc or >97kW","Aug",2020,37102
"1","Cat C: Buses","Aug",2020,24100
"1","Cat D: Motorcycles","Aug",2020,7701
"2","Cat A: ≤1600cc or ≤97kW","Jul",2020,32699
"2","Cat B: >1600cc or >97kW","Jul",2020,35001
"2","Cat C: Buses","Jul",2020,23888
"2","Cat D: Motorcycles","Jul",2020,6510
"1","Cat A: ≤1600cc or ≤97kW","Jul",2020,33520
"1","Cat B: >1600cc or >97kW","Jul",2020,35889
"1","Cat C: Buses","Jul",2020,24502
"1","Cat D: Motorcycles","Jul",2020,7702
"2","Cat A: ≤1600cc or ≤97kW","Mar",2020,31210
"2","Cat B: >1600cc or >97kW","Mar",2020,30012
"2","Cat C: Buses","Mar",2020,22002
"2","Cat D: Motorcycles","Mar",2020,4489
"1","Cat A: ≤1600cc or ≤97kW","Mar",2020,32699
"1","Cat B: >1600cc or >97kW","Mar",2020,32801
"1","Cat C: Buses","Mar",2020,24202
"1","Cat D: Motorcycles","Mar",2020,4310
"2","Cat A: ≤1600cc or ≤97kW","Feb",2020,32999
"2","Cat B: >1600cc or >97kW","Feb",2020,32889
"2","Cat C: Buses","Feb",2020,25001
"2","Cat D: Motorcycles","Feb",2020,4309
"1","Cat A: ≤1600cc or ≤97kW","Feb",2020,30010
"1","Cat B: >1600cc or >97kW","Feb",2020,30890
"1","Cat C: Buses","Feb",2020,25013
"1","Cat D: Motorcycles","Feb",2020,4401
"2","Cat A: ≤1600cc or ≤97kW","Jan",2020,35010
"2","Cat B: >1600cc or >97kW","Jan",2020,37705
"2","Cat C: Buses","Jan",2020,25001
"2","Cat D: Motorcycles","Jan",2020,4610
"1","Cat A: ≤1600cc or ≤97kW","Jan",2020,35320
"1","Cat B: >1600cc or >97kW","Jan",2020,37109
"1","Cat C: Buses","Jan",2020,24402
"1","Cat D: Motorcycles","Jan",2020,3989
"2","Cat A: ≤1600cc or ≤97kW","Dec",2019,32889
"2","Cat B: >1600cc or >97kW","Dec",2019,36000
"2","Cat C: Buses","Dec",2019,23200
"2","Cat D: Motorcycles","Dec",2019,3658
"1","Cat A: ≤1600cc or ≤97kW","Dec",2019,33009
"1","Cat B: >1600cc or >97kW","Dec",2019,37900
"1","Cat C: Buses","Dec",2019,23704
"1","Cat D: Motorcycles","Dec",2019,3789
"2","Cat A: ≤1600cc or ≤97kW","Nov",2019,32000
"2","Cat B: >1600cc or >97kW","Nov",2019,39700
"2","Cat C: Buses","Nov",2019,24502
"2","Cat D: Motorcycles","Nov",2019,3921
"1","Cat A: ≤1600cc or ≤97kW","Nov",2019,30000
"1","Cat B: >1600cc or >97kW","Nov",2019,40009
"1","Cat C: Buses","Nov",2019,25392
"1","Cat D: Motorcycles","Nov",2019,4100
"2","Cat A: ≤1600cc or ≤97kW","Oct",2019,32309
"2","Cat B: >1600cc or >97kW","Oct",2019,41805
"2","Cat C: Buses","Oct",2019,26001
"2","Cat D: Motorcycles","Oct",2019,3889
"1","Cat A: ≤1600cc or ≤97kW","Oct",2019,34001
"1","Cat B: >1600cc or >97kW","Oct",2019,41361
"1","Cat C: Buses","Oct",2019,26509
"1","Cat D: Motorcycles","Oct",2019,3800
"2","Cat A: ≤1600cc or ≤97kW","Sep",2019,31759
"2","Cat B: >1600cc or >97kW","Sep",2019,37000
"2","Cat C: Buses","Sep",2019,25556
"2","Cat D: Motorcycles","Sep",2019,3601
"1","Cat A: ≤1600cc or ≤97kW","Sep",2019,31783
"1","Cat B: >1600cc or >97kW","Sep",2019,36001
"1","Cat C: Buses","Sep",2019,25502
"1","Cat D: Motorcycles","Sep",2019,4089
"2","Cat A: ≤1600cc or ≤97kW","Aug",2019,31917
"2","Cat B: >1600cc or >97kW","Aug",2019,38602
"2","Cat C: Buses","Aug",2019,26501
"2","Cat D: Motorcycles","Aug",2019,4301
"1","Cat A: ≤1600cc or ≤97kW","Aug",2019,32725
"1","Cat B: >1600cc or >97kW","Aug",2019,40001
"1","Cat C: Buses","Aug",2019,27800
"1","Cat D: Motorcycles","Aug",2019,4400
"2","Cat A: ≤1600cc or ≤97kW","Jul",2019,26667
"2","Cat B: >1600cc or >97kW","Jul",2019,39406
"2","Cat C: Buses","Jul",2019,24599
"2","Cat D: Motorcycles","Jul",2019,3554
"1","Cat A: ≤1600cc or ≤97kW","Jul",2019,28589
"1","Cat B: >1600cc or >97kW","Jul",2019,34000
"1","Cat C: Buses","Jul",2019,25089
"1","Cat D: Motorcycles","Jul",2019,3081
"2","Cat A: ≤1600cc or ≤97kW","Jun",2019,26999
"2","Cat B: >1600cc or >97kW","Jun",2019,35906
"2","Cat C: Buses","Jun",2019,25501
"2","Cat D: Motorcycles","Jun",2019,3000
"1","Cat A: ≤1600cc or ≤97kW","Jun",2019,30009
"1","Cat B: >1600cc or >97kW","Jun",2019,39728
"1","Cat C: Buses","Jun",2019,25502
"1","Cat D: Motorcycles","Jun",2019,3090
"2","Cat A: ≤1600cc or ≤97kW","May",2019,27000
"2","Cat B: >1600cc or >97kW","May",2019,42564
"2","Cat C: Buses","May",2019,27400
"2","Cat D: Motorcycles","May",2019,3202
"1","Cat A: ≤1600cc or ≤97kW","May",2019,36704
"1","Cat B: >1600cc or >97kW","May",2019,48010
"1","Cat C: Buses","May",2019,28559
"1","Cat D: Motorcycles","May",2019,3352
"2","Cat A: ≤1600cc or ≤97kW","Apr",2019,33199
"2","Cat B: >1600cc or >97kW","Apr",2019,48000
"2","Cat C: Buses","Apr",2019,32001
"2","Cat D: Motorcycles","Apr",2019,3452
"1","Cat A: ≤1600cc or ≤97kW","Apr",2019,29159
"1","Cat B: >1600cc or >97kW","Apr",2019,43102
"1","Cat C: Buses","Apr",2019,27589
"1","Cat D: Motorcycles","Apr",2019,3501
"2","Cat A: ≤1600cc or ≤97kW","Mar",2019,26659
"2","Cat B: >1600cc or >97kW","Mar",2019,39401
"2","Cat C: Buses","Mar",2019,27021
"2","Cat D: Motorcycles","Mar",2019,3469
"1","Cat A: ≤1600cc or ≤97kW","Mar",2019,26309
"1","Cat B: >1600cc or >97kW","Mar",2019,36961
"1","Cat C: Buses","Mar",2019,27010
"1","Cat D: Motorcycles","Mar",2019,3602
"2","Cat A: ≤1600cc or ≤97kW","Feb",2019,26301
"2","Cat B: >1600cc or >97kW","Feb",2019,35403
"2","Cat C: Buses","Feb",2019,26914
"2","Cat D: Motorcycles","Feb",2019,3689
"1","Cat A: ≤1600cc or ≤97kW","Feb",2019,25689
"1","Cat B: >1600cc or >97kW","Feb",2019,34509
"1","Cat C: Buses","Feb",2019,26378
"1","Cat D: Motorcycles","Feb",2019,3709
"2","Cat A: ≤1600cc or ≤97kW","Jan",2019,26170
"2","Cat B: >1600cc or >97kW","Jan",2019,33989
"2","Cat C: Buses","Jan",2019,26230
"2","Cat D: Motorcycles","Jan",2019,2889
"1","Cat A: ≤1600cc or ≤97kW","Jan",2019,25920
"1","Cat B: >1600cc or >97kW","Jan",2019,32200
"1","Cat C: Buses","Jan",2019,27002
"1","Cat D: Motorcycles","Jan",2019,3610
"2","Cat A: ≤1600cc or ≤97kW","Dec",2018,25501
"2","Cat B: >1600cc or >97kW","Dec",2018,31001
"2","Cat C: Buses","Dec",2018,27001
"2","Cat D: Motorcycles","Dec",2018,3789
"1","Cat A: ≤1600cc or ≤97kW","Dec",2018,23568
"1","Cat B: >1600cc or >97kW","Dec",2018,31001
"1","Cat C: Buses","Dec",2018,27009
"1","Cat D: Motorcycles","Dec",2018,3399
"2","Cat A: ≤1600cc or ≤97kW","Nov",2018,25000
"2","Cat B: >1600cc or >97kW","Nov",2018,31101
"2","Cat C: Buses","Nov",2018,27509
"2","Cat D: Motorcycles","Nov",2018,2989
"1","Cat A: ≤1600cc or ≤97kW","Nov",2018,28199
"1","Cat B: >1600cc or >97kW","Nov",2018,32302
"1","Cat C: Buses","Nov",2018,29501
"1","Cat D: Motorcycles","Nov",2018,2509
"2","Cat A: ≤1600cc or ≤97kW","Oct",2018,25556
"2","Cat B: >1600cc or >97kW","Oct",2018,31302
"2","Cat C: Buses","Oct",2018,29501
"2","Cat D: Motorcycles","Oct",2018,3951
"1","Cat A: ≤1600cc or ≤97kW","Oct",2018,28457
"1","Cat B: >1600cc or >97kW","Oct",2018,31301
"1","Cat C: Buses","Oct",2018,28501
"1","Cat D: Motorcycles","Oct",2018,4109
"2","Cat A: ≤1600cc or ≤97kW","Sep",2018,28000
"2","Cat B: >1600cc or >97kW","Sep",2018,31307
"2","Cat C: Buses","Sep",2018,27104
"2","Cat D: Motorcycles","Sep",2018,4214
"1","Cat A: ≤1600cc or ≤97kW","Sep",2018,30209
"1","Cat B: >1600cc or >97kW","Sep",2018,32001
"1","Cat C: Buses","Sep",2018,27001
"1","Cat D: Motorcycles","Sep",2018,4390
"2","Cat A: ≤1600cc or ≤97kW","Aug",2018,31997
"2","Cat B: >1600cc or >97kW","Aug",2018,32429
"2","Cat C: Buses","Aug",2018,29902
"2","Cat D: Motorcycles","Aug",2018,4889
"1","Cat A: ≤1600cc or ≤97kW","Aug",2018,33798
"1","Cat B: >1600cc or >97kW","Aug",2018,34381
"1","Cat C: Buses","Aug",2018,30389
"1","Cat D: Motorcycles","Aug",2018,5514
"2","Cat A: ≤1600cc or ≤97kW","Jul",2018,32699
"2","Cat B: >1600cc or >97kW","Jul",2018,32551
"2","Cat C: Buses","Jul",2018,30889
"2","Cat D: Motorcycles","Jul",2018,6189
"1","Cat A: ≤1600cc or ≤97kW","Jul",2018,25000
"1","Cat B: >1600cc or >97kW","Jul",2018,31000
"1","Cat C: Buses","Jul",2018,31092
"1","Cat D: Motorcycles","Jul",2018,6514
"2","Cat A: ≤1600cc or ≤97kW","Jun",2018,34110
"2","Cat B: >1600cc or >97kW","Jun",2018,33900
"2","Cat C: Buses","Jun",2018,32001
"2","Cat D: Motorcycles","Jun",2018,6889
"1","Cat A: ≤1600cc or ≤97kW","Jun",2018,36426
"1","Cat B: >1600cc or >97kW","Jun",2018,36000
"1","Cat C: Buses","Jun",2018,29902
"1","Cat D: Motorcycles","Jun",2018,7001
"2","Cat A: ≤1600cc or ≤97kW","May",2018,38001
"2","Cat B: >1600cc or >97kW","May",2018,37989
"2","Cat C: Buses","May",2018,29901
"2","Cat D: Motorcycles","May",2018,7115
"1","Cat A: ≤1600cc or ≤97kW","May",2018,38941
"1","Cat B: >1600cc or >97kW","May",2018,38501
"1","Cat C: Buses","May",2018,33190
"1","Cat D: Motorcycles","May",2018,7204
"2","Cat A: ≤1600cc or ≤97kW","Apr",2018,38510
"2","Cat B: >1600cc or >97kW","Apr",2018,37330
"2","Cat C: Buses","Apr",2018,34202
"2","Cat D: Motorcycles","Apr",2018,7115
"1","Cat A: ≤1600cc or ≤97kW","Apr",2018,37000
"1","Cat B: >1600cc or >97kW","Apr",2018,37605
"1","Cat C: Buses","Apr",2018,34001
"1","Cat D: Motorcycles","Apr",2018,7114
"2","Cat A: ≤1600cc or ≤97kW","Mar",2018,38000
"2","Cat B: >1600cc or >97kW","Mar",2018,37010
"2","Cat C: Buses","Mar",2018,35001
"2","Cat D: Motorcycles","Mar",2018,7602
"1","Cat A: ≤1600cc or ≤97kW","Mar",2018,38830
"1","Cat B: >1600cc or >97kW","Mar",2018,39001
"1","Cat C: Buses","Mar",2018,36003
"1","Cat D: Motorcycles","Mar",2018,8009
"2","Cat A: ≤1600cc or ≤97kW","Feb",2018,36810
"2","Cat B: >1600cc or >97kW","Feb",2018,39000
"2","Cat C: Buses","Feb",2018,36859
"2","Cat D: Motorcycles","Feb",2018,7667
"1","Cat A: ≤1600cc or ≤97kW","Feb",2018,40000
"1","Cat B: >1600cc or >97kW","Feb",2018,42322
"1","Cat C: Buses","Feb",2018,38303
"1","Cat D: Motorcycles","Feb",2018,8451
"2","Cat A: ≤1600cc or ≤97kW","Jan",2018,36890
"2","Cat B: >1600cc or >97kW","Jan",2018,42661
"2","Cat C: Buses","Jan",2018,39000
"2","Cat D: Motorcycles","Jan",2018,8001
"1","Cat A: ≤1600cc or ≤97kW","Jan",2018,41400
"1","Cat B: >1600cc or >97kW","Jan",2018,45289
"1","Cat C: Buses","Jan",2018,40101
"1","Cat D: Motorcycles","Jan",2018,7701
"2","Cat A: ≤1600cc or ≤97kW","Dec",2017,38200
"2","Cat B: >1600cc or >97kW","Dec",2017,47002
"2","Cat C: Buses","Dec",2017,45112
"2","Cat D: Motorcycles","Dec",2017,7501
"1","Cat A: ≤1600cc or ≤97kW","Dec",2017,42339
"1","Cat B: >1600cc or >97kW","Dec",2017,53711
"1","Cat C: Buses","Dec",2017,42000
"1","Cat D: Motorcycles","Dec",2017,6552
"2","Cat A: ≤1600cc or ≤97kW","Nov",2017,46791
"2","Cat B: >1600cc or >97kW","Nov",2017,57390
"2","Cat C: Buses","Nov",2017,57701
"2","Cat D: Motorcycles","Nov",2017,5992
"1","Cat A: ≤1600cc or ≤97kW","Nov",2017,47112
"1","Cat B: >1600cc or >97kW","Nov",2017,57414
"1","Cat C: Buses","Nov",2017,58036
"1","Cat D: Motorcycles","Nov",2017,5502
"2","Cat A: ≤1600cc or ≤97kW","Oct",2017,41617
"2","Cat B: >1600cc or >97kW","Oct",2017,49996
"2","Cat C: Buses","Oct",2017,51890
"2","Cat D: Motorcycles","Oct",2017,4903
"1","Cat A: ≤1600cc or ≤97kW","Oct",2017,41761
"1","Cat B: >1600cc or >97kW","Oct",2017,48109
"1","Cat C: Buses","Oct",2017,48902
"1","Cat D: Motorcycles","Oct",2017,5010
"2","Cat A: ≤1600cc or ≤97kW","Sep",2017,42902
"2","Cat B: >1600cc or >97kW","Sep",2017,49189
"2","Cat C: Buses","Sep",2017,46890
"2","Cat D: Motorcycles","Sep",2017,5501
"1","Cat A: ≤1600cc or ≤97kW","Sep",2017,36001
"1","Cat B: >1600cc or >97kW","Sep",2017,49000
"1","Cat C: Buses","Sep",2017,43002
"1","Cat D: Motorcycles","Sep",2017,5402
"2","Cat A: ≤1600cc or ≤97kW","Aug",2017,42900
"2","Cat B: >1600cc or >97kW","Aug",2017,51000
"2","Cat C: Buses","Aug",2017,42004
"2","Cat D: Motorcycles","Aug",2017,3512
"1","Cat A: ≤1600cc or ≤97kW","Aug",2017,46778
"1","Cat B: >1600cc or >97kW","Aug",2017,53711
"1","Cat D: Motorcycles","Aug",2017,5701
"1","Cat C: Buses","Aug",2017,42801
"2","Cat A: ≤1600cc or ≤97kW","Jul",2017,44002
"2","Cat B: >1600cc or >97kW","Jul",2017,50001
"2","Cat D: Motorcycles","Jul",2017,5851
"2","Cat C: Buses","Jul",2017,42809
"1","Cat A: ≤1600cc or ≤97kW","Jul",2017,42801
"1","Cat B: >1600cc or >97kW","Jul",2017,49802
"1","Cat D: Motorcycles","Jul",2017,6001
"1","Cat C: Buses","Jul",2017,40212
"2","Cat A: ≤1600cc or ≤97kW","Jun",2017,42801
"2","Cat B: >1600cc or >97kW","Jun",2017,47501
"2","Cat D: Motorcycles","Jun",2017,6001
"2","Cat C: Buses","Jun",2017,36879
"1","Cat A: ≤1600cc or ≤97kW","Jun",2017,45201
"1","Cat B: >1600cc or >97kW","Jun",2017,50110
"1","Cat D: Motorcycles","Jun",2017,6101
"1","Cat C: Buses","Jun",2017,38501
"2","Cat A: ≤1600cc or ≤97kW","May",2017,46489
"2","Cat B: >1600cc or >97kW","May",2017,53001
"2","Cat D: Motorcycles","May",2017,6101
"2","Cat C: Buses","May",2017,30600
"1","Cat A: ≤1600cc or ≤97kW","May",2017,51106
"1","Cat B: >1600cc or >97kW","May",2017,55414
"1","Cat D: Motorcycles","May",2017,6301
"1","Cat C: Buses","May",2017,26029
"2","Cat A: ≤1600cc or ≤97kW","Apr",2017,51600
"2","Cat B: >1600cc or >97kW","Apr",2017,54406
"2","Cat D: Motorcycles","Apr",2017,6712
"2","Cat C: Buses","Apr",2017,26501
"1","Cat A: ≤1600cc or ≤97kW","Apr",2017,52000
"1","Cat B: >1600cc or >97kW","Apr",2017,54405
"1","Cat D: Motorcycles","Apr",2017,7589
"1","Cat C: Buses","Apr",2017,45906
"2","Cat A: ≤1600cc or ≤97kW","Mar",2017,51765
"2","Cat B: >1600cc or >97kW","Mar",2017,54000
"2","Cat D: Motorcycles","Mar",2017,8081
"2","Cat C: Buses","Mar",2017,47036
"1","Cat A: ≤1600cc or ≤97kW","Mar",2017,50789
"1","Cat B: >1600cc or >97kW","Mar",2017,53300
"1","Cat D: Motorcycles","Mar",2017,7483
"1","Cat C: Buses","Mar",2017,49002
"2","Cat A: ≤1600cc or ≤97kW","Feb",2017,49430
"2","Cat B: >1600cc or >97kW","Feb",2017,50621
"2","Cat D: Motorcycles","Feb",2017,6801
"2","Cat C: Buses","Feb",2017,49810
"1","Cat A: ≤1600cc or ≤97kW","Feb",2017,48401
"1","Cat B: >1600cc or >97kW","Feb",2017,48209
"1","Cat D: Motorcycles","Feb",2017,6412
"1","Cat C: Buses","Feb",2017,48901
"2","Cat A: ≤1600cc or ≤97kW","Jan",2017,50889
"2","Cat B: >1600cc or >97kW","Jan",2017,52807
"2","Cat D: Motorcycles","Jan",2017,6052
"2","Cat C: Buses","Jan",2017,47001
"1","Cat A: ≤1600cc or ≤97kW","Jan",2017,50101
"1","Cat B: >1600cc or >97kW","Jan",2017,53106
"1","Cat D: Motorcycles","Jan",2017,6053
"1","Cat C: Buses","Jan",2017,46302
"2","Cat A: ≤1600cc or ≤97kW","Dec",2016,49751
"2","Cat B: >1600cc or >97kW","Dec",2016,51109
"2","Cat D: Motorcycles","Dec",2016,6101
"2","Cat C: Buses","Dec",2016,49500
"1","Cat A: ≤1600cc or ≤97kW","Dec",2016,48000
"1","Cat B: >1600cc or >97kW","Dec",2016,46229
"1","Cat D: Motorcycles","Dec",2016,6113
"1","Cat C: Buses","Dec",2016,51209
"2","Cat A: ≤1600cc or ≤97kW","Nov",2016,50951
"2","Cat B: >1600cc or >97kW","Nov",2016,53001
"2","Cat D: Motorcycles","Nov",2016,6212
"2","Cat C: Buses","Nov",2016,49002
"1","Cat A: ≤1600cc or ≤97kW","Nov",2016,52668
"1","Cat B: >1600cc or >97kW","Nov",2016,56206
"1","Cat D: Motorcycles","Nov",2016,6311
"1","Cat C: Buses","Nov",2016,48001
"2","Cat A: ≤1600cc or ≤97kW","Oct",2016,50991
"2","Cat B: >1600cc or >97kW","Oct",2016,56410
"2","Cat D: Motorcycles","Oct",2016,6354
"2","Cat C: Buses","Oct",2016,45589
"1","Cat A: ≤1600cc or ≤97kW","Oct",2016,51507
"1","Cat B: >1600cc or >97kW","Oct",2016,53001
"1","Cat D: Motorcycles","Oct",2016,6353
"1","Cat C: Buses","Oct",2016,48702
"2","Cat A: ≤1600cc or ≤97kW","Sep",2016,50000
"2","Cat B: >1600cc or >97kW","Sep",2016,55501
"2","Cat D: Motorcycles","Sep",2016,6501
"2","Cat C: Buses","Sep",2016,49890
"1","Cat A: ≤1600cc or ≤97kW","Sep",2016,51506
"1","Cat B: >1600cc or >97kW","Sep",2016,57002
"1","Cat D: Motorcycles","Sep",2016,6452
"1","Cat C: Buses","Sep",2016,49801
"2","Cat A: ≤1600cc or ≤97kW","Aug",2016,53334
"2","Cat B: >1600cc or >97kW","Aug",2016,56500
"2","Cat D: Motorcycles","Aug",2016,6352
"2","Cat C: Buses","Aug",2016,48001
"1","Cat A: ≤1600cc or ≤97kW","Aug",2016,52503
"1","Cat B: >1600cc or >97kW","Aug",2016,57903
"1","Cat D: Motorcycles","Aug",2016,6206
"1","Cat C: Buses","Aug",2016,48302
"2","Cat A: ≤1600cc or ≤97kW","Jul",2016,53000
"2","Cat B: >1600cc or >97kW","Jul",2016,57508
"2","Cat D: Motorcycles","Jul",2016,6302
"2","Cat C: Buses","Jul",2016,49890
"1","Cat A: ≤1600cc or ≤97kW","Jul",2016,52301
"1","Cat B: >1600cc or >97kW","Jul",2016,56089
"1","Cat D: Motorcycles","Jul",2016,6012
"1","Cat C: Buses","Jul",2016,47889
"2","Cat A: ≤1600cc or ≤97kW","Jun",2016,55200
"2","Cat B: >1600cc or >97kW","Jun",2016,57010
"2","Cat D: Motorcycles","Jun",2016,6303
"2","Cat C: Buses","Jun",2016,48002
"1","Cat A: ≤1600cc or ≤97kW","Jun",2016,53694
"1","Cat B: >1600cc or >97kW","Jun",2016,56000
"1","Cat D: Motorcycles","Jun",2016,6302
"1","Cat C: Buses","Jun",2016,46434
"2","Cat A: ≤1600cc or ≤97kW","May",2016,47020
"2","Cat B: >1600cc or >97kW","May",2016,49156
"2","Cat D: Motorcycles","May",2016,6303
"2","Cat C: Buses","May",2016,43002
"1","Cat A: ≤1600cc or ≤97kW","May",2016,47889
"1","Cat B: >1600cc or >97kW","May",2016,51010
"1","Cat D: Motorcycles","May",2016,6302
"1","Cat C: Buses","May",2016,42302
"2","Cat A: ≤1600cc or ≤97kW","Apr",2016,47300
"2","Cat B: >1600cc or >97kW","Apr",2016,49602
"2","Cat D: Motorcycles","Apr",2016,6501
"2","Cat C: Buses","Apr",2016,43002
"1","Cat A: ≤1600cc or ≤97kW","Apr",2016,46009
"1","Cat B: >1600cc or >97kW","Apr",2016,47000
"1","Cat D: Motorcycles","Apr",2016,6503
"1","Cat C: Buses","Apr",2016,44213
"2","Cat A: ≤1600cc or ≤97kW","Mar",2016,45504
"2","Cat B: >1600cc or >97kW","Mar",2016,46502
"2","Cat D: Motorcycles","Mar",2016,6589
"2","Cat C: Buses","Mar",2016,46502
"1","Cat A: ≤1600cc or ≤97kW","Mar",2016,45000
"1","Cat B: >1600cc or >97kW","Mar",2016,47604
"1","Cat D: Motorcycles","Mar",2016,6503
"1","Cat C: Buses","Mar",2016,48890
"2","Cat A: ≤1600cc or ≤97kW","Feb",2016,43000
"2","Cat B: >1600cc or >97kW","Feb",2016,46970
"2","Cat D: Motorcycles","Feb",2016,6353
"2","Cat C: Buses","Feb",2016,45001
"1","Cat A: ≤1600cc or ≤97kW","Feb",2016,46651
"1","Cat B: >1600cc or >97kW","Feb",2016,38610
"1","Cat D: Motorcycles","Feb",2016,6503
"1","Cat C: Buses","Feb",2016,45036
"2","Cat A: ≤1600cc or ≤97kW","Jan",2016,51301
"2","Cat B: >1600cc or >97kW","Jan",2016,50089
"2","Cat D: Motorcycles","Jan",2016,6512
"2","Cat C: Buses","Jan",2016,46502
"1","Cat A: ≤1600cc or ≤97kW","Jan",2016,45002
"1","Cat B: >1600cc or >97kW","Jan",2016,54920
"1","Cat D: Motorcycles","Jan",2016,6889
"1","Cat C: Buses","Jan",2016,42036
"2","Cat A: ≤1600cc or ≤97kW","Dec",2015,54301
"2","Cat B: >1600cc or >97kW","Dec",2015,55001
"2","Cat D: Motorcycles","Dec",2015,6600
"2","Cat C: Buses","Dec",2015,46001
"1","Cat A: ≤1600cc or ≤97kW","Dec",2015,56989
"1","Cat B: >1600cc or >97kW","Dec",2015,60001
"1","Cat D: Motorcycles","Dec",2015,6501
"1","Cat C: Buses","Dec",2015,48101
"2","Cat A: ≤1600cc or ≤97kW","Nov",2015,59200
"2","Cat B: >1600cc or >97kW","Nov",2015,61103
"2","Cat D: Motorcycles","Nov",2015,6502
"2","Cat C: Buses","Nov",2015,45890
"1","Cat A: ≤1600cc or ≤97kW","Nov",2015,56001
"1","Cat B: >1600cc or >97kW","Nov",2015,57501
"1","Cat D: Motorcycles","Nov",2015,5912
"1","Cat C: Buses","Nov",2015,43809
"2","Cat A: ≤1600cc or ≤97kW","Oct",2015,57301
"2","Cat B: >1600cc or >97kW","Oct",2015,59889
"2","Cat D: Motorcycles","Oct",2015,6302
"2","Cat C: Buses","Oct",2015,42303
"1","Cat A: ≤1600cc or ≤97kW","Oct",2015,56001
"1","Cat B: >1600cc or >97kW","Oct",2015,58190
"1","Cat D: Motorcycles","Oct",2015,6201
"1","Cat C: Buses","Oct",2015,44890
"2","Cat A: ≤1600cc or ≤97kW","Sep",2015,55399
"2","Cat B: >1600cc or >97kW","Sep",2015,60001
"2","Cat D: Motorcycles","Sep",2015,6158
"2","Cat C: Buses","Sep",2015,45289
"1","Cat A: ≤1600cc or ≤97kW","Sep",2015,57089
"1","Cat B: >1600cc or >97kW","Sep",2015,62101
"1","Cat D: Motorcycles","Sep",2015,6512
"1","Cat C: Buses","Sep",2015,46801
"2","Cat A: ≤1600cc or ≤97kW","Aug",2015,57498
"2","Cat B: >1600cc or >97kW","Aug",2015,62140
"2","Cat D: Motorcycles","Aug",2015,6112
"2","Cat C: Buses","Aug",2015,46501
"1","Cat A: ≤1600cc or ≤97kW","Aug",2015,56209
"1","Cat B: >1600cc or >97kW","Aug",2015,60789
"1","Cat D: Motorcycles","Aug",2015,6201
"1","Cat C: Buses","Aug",2015,49302
"2","Cat A: ≤1600cc or ≤97kW","Jul",2015,55889
"2","Cat B: >1600cc or >97kW","Jul",2015,58109
"2","Cat D: Motorcycles","Jul",2015,6312
"2","Cat C: Buses","Jul",2015,50002
"1","Cat A: ≤1600cc or ≤97kW","Jul",2015,58700
"1","Cat B: >1600cc or >97kW","Jul",2015,65501
"1","Cat D: Motorcycles","Jul",2015,6508
"1","Cat C: Buses","Jul",2015,50001
"2","Cat A: ≤1600cc or ≤97kW","Jun",2015,61000
"2","Cat B: >1600cc or >97kW","Jun",2015,71509
"2","Cat D: Motorcycles","Jun",2015,6401
"2","Cat C: Buses","Jun",2015,50502
"1","Cat A: ≤1600cc or ≤97kW","Jun",2015,66000
"1","Cat B: >1600cc or >97kW","Jun",2015,75000
"1","Cat D: Motorcycles","Jun",2015,6509
"1","Cat C: Buses","Jun",2015,50900
"2","Cat A: ≤1600cc or ≤97kW","May",2015,66590
"2","Cat B: >1600cc or >97kW","May",2015,75002
"2","Cat D: Motorcycles","May",2015,6501
"2","Cat C: Buses","May",2015,52001
"1","Cat A: ≤1600cc or ≤97kW","May",2015,68589
"1","Cat B: >1600cc or >97kW","May",2015,77600
"1","Cat D: Motorcycles","May",2015,6512
"1","Cat C: Buses","May",2015,50098
"2","Cat A: ≤1600cc or ≤97kW","Apr",2015,67601
"2","Cat B: >1600cc or >97kW","Apr",2015,78001
"2","Cat D: Motorcycles","Apr",2015,6801
"2","Cat C: Buses","Apr",2015,53001
"1","Cat A: ≤1600cc or ≤97kW","Apr",2015,67749
"1","Cat B: >1600cc or >97kW","Apr",2015,76612
"1","Cat D: Motorcycles","Apr",2015,6312
"1","Cat C: Buses","Apr",2015,64001
"2","Cat A: ≤1600cc or ≤97kW","Mar",2015,64700
"2","Cat B: >1600cc or >97kW","Mar",2015,71889
"2","Cat D: Motorcycles","Mar",2015,5610
"2","Cat C: Buses","Mar",2015,59999
"1","Cat A: ≤1600cc or ≤97kW","Mar",2015,61410
"1","Cat B: >1600cc or >97kW","Mar",2015,68668
"1","Cat D: Motorcycles","Mar",2015,5501
"1","Cat C: Buses","Mar",2015,56501
"2","Cat A: ≤1600cc or ≤97kW","Feb",2015,57199
"2","Cat B: >1600cc or >97kW","Feb",2015,66751
"2","Cat D: Motorcycles","Feb",2015,5800
"2","Cat C: Buses","Feb",2015,53202
"1","Cat A: ≤1600cc or ≤97kW","Feb",2015,62002
"1","Cat B: >1600cc or >97kW","Feb",2015,70890
"1","Cat D: Motorcycles","Feb",2015,5504
"1","Cat C: Buses","Feb",2015,52101
"2","Cat A: ≤1600cc or ≤97kW","Jan",2015,65001
"2","Cat B: >1600cc or >97kW","Jan",2015,76889
"2","Cat D: Motorcycles","Jan",2015,4889
"2","Cat C: Buses","Jan",2015,55012
"1","Cat A: ≤1600cc or ≤97kW","Jan",2015,66010
"1","Cat B: >1600cc or >97kW","Jan",2015,75289
"1","Cat D: Motorcycles","Jan",2015,4403
"1","Cat C: Buses","Jan",2015,55011
"2","Cat A: ≤1600cc or ≤97kW","Dec",2014,65889
"2","Cat B: >1600cc or >97kW","Dec",2014,74000
"2","Cat D: Motorcycles","Dec",2014,4312
"2","Cat C: Buses","Dec",2014,52100
"1","Cat A: ≤1600cc or ≤97kW","Dec",2014,67089
"1","Cat B: >1600cc or >97kW","Dec",2014,74389
"1","Cat D: Motorcycles","Dec",2014,4210
"1","Cat C: Buses","Dec",2014,60001
"2","Cat A: ≤1600cc or ≤97kW","Nov",2014,67889
"2","Cat B: >1600cc or >97kW","Nov",2014,72890
"2","Cat D: Motorcycles","Nov",2014,4189
"2","Cat C: Buses","Nov",2014,65001
"1","Cat A: ≤1600cc or ≤97kW","Nov",2014,64900
"1","Cat B: >1600cc or >97kW","Nov",2014,70890
"1","Cat D: Motorcycles","Nov",2014,4290
"1","Cat C: Buses","Nov",2014,63701
"2","Cat A: ≤1600cc or ≤97kW","Oct",2014,63990
"2","Cat B: >1600cc or >97kW","Oct",2014,72002
"2","Cat D: Motorcycles","Oct",2014,4412
"2","Cat C: Buses","Oct",2014,61000
"1","Cat A: ≤1600cc or ≤97kW","Oct",2014,63880
"1","Cat B: >1600cc or >97kW","Oct",2014,72180
"1","Cat D: Motorcycles","Oct",2014,4800
"1","Cat C: Buses","Oct",2014,57389
"2","Cat A: ≤1600cc or ≤97kW","Sep",2014,62000
"2","Cat B: >1600cc or >97kW","Sep",2014,71990
"2","Cat D: Motorcycles","Sep",2014,4504
"2","Cat C: Buses","Sep",2014,49889
"1","Cat A: ≤1600cc or ≤97kW","Sep",2014,64841
"1","Cat B: >1600cc or >97kW","Sep",2014,73010
"1","Cat D: Motorcycles","Sep",2014,4453
"1","Cat C: Buses","Sep",2014,49901
"2","Cat A: ≤1600cc or ≤97kW","Aug",2014,65710
"2","Cat B: >1600cc or >97kW","Aug",2014,72990
"2","Cat D: Motorcycles","Aug",2014,4354
"2","Cat C: Buses","Aug",2014,52390
"1","Cat A: ≤1600cc or ≤97kW","Aug",2014,64600
"1","Cat B: >1600cc or >97kW","Aug",2014,68689
"1","Cat D: Motorcycles","Aug",2014,4353
"1","Cat C: Buses","Aug",2014,54009
"2","Cat A: ≤1600cc or ≤97kW","Jul",2014,62890
"2","Cat B: >1600cc or >97kW","Jul",2014,65001
"2","Cat D: Motorcycles","Jul",2014,4252
"2","Cat C: Buses","Jul",2014,52010
"1","Cat A: ≤1600cc or ≤97kW","Jul",2014,61990
"1","Cat B: >1600cc or >97kW","Jul",2014,64889
"1","Cat D: Motorcycles","Jul",2014,4001
"1","Cat C: Buses","Jul",2014,43390
"2","Cat A: ≤1600cc or ≤97kW","Jun",2014,61899
"2","Cat B: >1600cc or >97kW","Jun",2014,65700
"2","Cat D: Motorcycles","Jun",2014,3890
"2","Cat C: Buses","Jun",2014,42001
"1","Cat A: ≤1600cc or ≤97kW","Jun",2014,63190
"1","Cat B: >1600cc or >97kW","Jun",2014,67304
"1","Cat D: Motorcycles","Jun",2014,4089
"1","Cat C: Buses","Jun",2014,43001
"2","Cat A: ≤1600cc or ≤97kW","May",2014,65689
"2","Cat B: >1600cc or >97kW","May",2014,68103
"2","Cat D: Motorcycles","May",2014,4003
"2","Cat C: Buses","May",2014,40889
"1","Cat A: ≤1600cc or ≤97kW","May",2014,60002
"1","Cat B: >1600cc or >97kW","May",2014,70002
"1","Cat D: Motorcycles","May",2014,4001
"1","Cat C: Buses","May",2014,36301
"2","Cat A: ≤1600cc or ≤97kW","Apr",2014,71335
"2","Cat B: >1600cc or >97kW","Apr",2014,75010
"2","Cat D: Motorcycles","Apr",2014,4502
"2","Cat C: Buses","Apr",2014,32980
"1","Cat A: ≤1600cc or ≤97kW","Apr",2014,77400
"1","Cat B: >1600cc or >97kW","Apr",2014,84504
"1","Cat D: Motorcycles","Apr",2014,4489
"1","Cat C: Buses","Apr",2014,49503
"2","Cat A: ≤1600cc or ≤97kW","Mar",2014,78602
"2","Cat B: >1600cc or >97kW","Mar",2014,82900
"2","Cat D: Motorcycles","Mar",2014,4289
"2","Cat C: Buses","Mar",2014,53891
"1","Cat A: ≤1600cc or ≤97kW","Mar",2014,76999
"1","Cat B: >1600cc or >97kW","Mar",2014,80710
"1","Cat D: Motorcycles","Mar",2014,4001
"1","Cat C: Buses","Mar",2014,56302
"2","Cat A: ≤1600cc or ≤97kW","Feb",2014,77201
"2","Cat B: >1600cc or >97kW","Feb",2014,78604
"2","Cat D: Motorcycles","Feb",2014,3501
"2","Cat C: Buses","Feb",2014,52890
"1","Cat A: ≤1600cc or ≤97kW","Feb",2014,71564
"1","Cat B: >1600cc or >97kW","Feb",2014,75300
"1","Cat D: Motorcycles","Feb",2014,3051
"1","Cat C: Buses","Feb",2014,51002
"2","Cat A: ≤1600cc or ≤97kW","Jan",2014,72290
"2","Cat B: >1600cc or >97kW","Jan",2014,79000
"2","Cat D: Motorcycles","Jan",2014,2704
"2","Cat C: Buses","Jan",2014,50001
"1","Cat A: ≤1600cc or ≤97kW","Jan",2014,72369
"1","Cat B: >1600cc or >97kW","Jan",2014,78700
"1","Cat D: Motorcycles","Jan",2014,1989
"1","Cat C: Buses","Jan",2014,48889
"2","Cat A: ≤1600cc or ≤97kW","Dec",2013,74002
"2","Cat B: >1600cc or >97kW","Dec",2013,75700
"2","Cat D: Motorcycles","Dec",2013,1812
"2","Cat C: Buses","Dec",2013,48001
"1","Cat A: ≤1600cc or ≤97kW","Dec",2013,73160
"1","Cat B: >1600cc or >97kW","Dec",2013,73010
"1","Cat D: Motorcycles","Dec",2013,1782
"1","Cat C: Buses","Dec",2013,51112
"2","Cat A: ≤1600cc or ≤97kW","Nov",2013,74991
"2","Cat B: >1600cc or >97kW","Nov",2013,79300
"2","Cat D: Motorcycles","Nov",2013,1712
"2","Cat C: Buses","Nov",2013,55002
"1","Cat A: ≤1600cc or ≤97kW","Nov",2013,72609
"1","Cat B: >1600cc or >97kW","Nov",2013,84578
"1","Cat D: Motorcycles","Nov",2013,1710
"1","Cat C: Buses","Nov",2013,55503
"2","Cat A: ≤1600cc or ≤97kW","Oct",2013,76889
"2","Cat B: >1600cc or >97kW","Oct",2013,87910
"2","Cat D: Motorcycles","Oct",2013,1804
"2","Cat C: Buses","Oct",2013,68002
"1","Cat A: ≤1600cc or ≤97kW","Oct",2013,85000
"1","Cat B: >1600cc or >97kW","Oct",2013,93500
"1","Cat D: Motorcycles","Oct",2013,1961
"1","Cat C: Buses","Oct",2013,76310
"2","Cat A: ≤1600cc or ≤97kW","Sep",2013,83751
"2","Cat B: >1600cc or >97kW","Sep",2013,86239
"2","Cat D: Motorcycles","Sep",2013,1703
"2","Cat C: Buses","Sep",2013,76001
"1","Cat A: ≤1600cc or ≤97kW","Sep",2013,77304
"1","Cat B: >1600cc or >97kW","Sep",2013,77100
"1","Cat D: Motorcycles","Sep",2013,1660
"1","Cat C: Buses","Sep",2013,73999
"2","Cat A: ≤1600cc or ≤97kW","Aug",2013,76223
"2","Cat B: >1600cc or >97kW","Aug",2013,76607
"2","Cat D: Motorcycles","Aug",2013,1722
"2","Cat C: Buses","Aug",2013,71001
"1","Cat A: ≤1600cc or ≤97kW","Aug",2013,75556
"1","Cat B: >1600cc or >97kW","Aug",2013,77600
"1","Cat D: Motorcycles","Aug",2013,1792
"1","Cat C: Buses","Aug",2013,68251
"2","Cat A: ≤1600cc or ≤97kW","Jul",2013,73989
"2","Cat B: >1600cc or >97kW","Jul",2013,76389
"2","Cat D: Motorcycles","Jul",2013,1712
"2","Cat C: Buses","Jul",2013,65036
"1","Cat A: ≤1600cc or ≤97kW","Jul",2013,73100
"1","Cat B: >1600cc or >97kW","Jul",2013,77110
"1","Cat D: Motorcycles","Jul",2013,1610
"1","Cat C: Buses","Jul",2013,61011
"2","Cat A: ≤1600cc or ≤97kW","Jun",2013,69903
"2","Cat B: >1600cc or >97kW","Jun",2013,81751
"2","Cat D: Motorcycles","Jun",2013,1712
"2","Cat C: Buses","Jun",2013,59001
"1","Cat A: ≤1600cc or ≤97kW","Jun",2013,67301
"1","Cat B: >1600cc or >97kW","Jun",2013,75000
"1","Cat D: Motorcycles","Jun",2013,1701
"1","Cat C: Buses","Jun",2013,57989
"2","Cat A: ≤1600cc or ≤97kW","May",2013,64839
"2","Cat B: >1600cc or >97kW","May",2013,67304
"2","Cat D: Motorcycles","May",2013,1663
"2","Cat C: Buses","May",2013,56889
"1","Cat A: ≤1600cc or ≤97kW","May",2013,62999
"1","Cat B: >1600cc or >97kW","May",2013,61700
"1","Cat D: Motorcycles","May",2013,1700
"1","Cat C: Buses","May",2013,57051
"2","Cat A: ≤1600cc or ≤97kW","Apr",2013,62497
"2","Cat B: >1600cc or >97kW","Apr",2013,62000
"2","Cat D: Motorcycles","Apr",2013,1791
"2","Cat C: Buses","Apr",2013,58502
"1","Cat A: ≤1600cc or ≤97kW","Apr",2013,61029
"1","Cat B: >1600cc or >97kW","Apr",2013,67010
"1","Cat D: Motorcycles","Apr",2013,1812
"1","Cat C: Buses","Apr",2013,56011
"2","Cat A: ≤1600cc or ≤97kW","Mar",2013,64209
"2","Cat B: >1600cc or >97kW","Mar",2013,73900
"2","Cat D: Motorcycles","Mar",2013,1909
"2","Cat C: Buses","Mar",2013,54111
"1","Cat A: ≤1600cc or ≤97kW","Mar",2013,74689
"1","Cat B: >1600cc or >97kW","Mar",2013,58090
"1","Cat D: Motorcycles","Mar",2013,1895
"1","Cat C: Buses","Mar",2013,53900
"2","Cat A: ≤1600cc or ≤97kW","Feb",2013,78301
"2","Cat B: >1600cc or >97kW","Feb",2013,92667
"2","Cat D: Motorcycles","Feb",2013,1512
"2","Cat C: Buses","Feb",2013,53489
"1","Cat A: ≤1600cc or ≤97kW","Feb",2013,87109
"1","Cat B: >1600cc or >97kW","Feb",2013,92901
"1","Cat D: Motorcycles","Feb",2013,1782
"1","Cat C: Buses","Feb",2013,54989
"2","Cat A: ≤1600cc or ≤97kW","Jan",2013,91010
"2","Cat B: >1600cc or >97kW","Jan",2013,95501
"2","Cat D: Motorcycles","Jan",2013,1781
"2","Cat C: Buses","Jan",2013,57051
"1","Cat A: ≤1600cc or ≤97kW","Jan",2013,92100
"1","Cat B: >1600cc or >97kW","Jan",2013,96210
"1","Cat D: Motorcycles","Jan",2013,1933
"1","Cat C: Buses","Jan",2013,60000
"2","Cat A: ≤1600cc or ≤97kW","Dec",2012,81889
"2","Cat B: >1600cc or >97kW","Dec",2012,93501
"2","Cat D: Motorcycles","Dec",2012,1701
"2","Cat C: Buses","Dec",2012,62201
"1","Cat A: ≤1600cc or ≤97kW","Dec",2012,78523
"1","Cat B: >1600cc or >97kW","Dec",2012,90200
"1","Cat D: Motorcycles","Dec",2012,1612
"1","Cat C: Buses","Dec",2012,63035
"2","Cat A: ≤1600cc or ≤97kW","Nov",2012,77291
"2","Cat B: >1600cc or >97kW","Nov",2012,93004
"2","Cat D: Motorcycles","Nov",2012,1689
"2","Cat C: Buses","Nov",2012,60235
"1","Cat A: ≤1600cc or ≤97kW","Nov",2012,77201
"1","Cat B: >1600cc or >97kW","Nov",2012,92400
"1","Cat D: Motorcycles","Nov",2012,1959
"1","Cat C: Buses","Nov",2012,59111
"2","Cat A: ≤1600cc or ≤97kW","Oct",2012,71001
"2","Cat B: >1600cc or >97kW","Oct",2012,85801
"2","Cat D: Motorcycles","Oct",2012,1920
"2","Cat C: Buses","Oct",2012,57889
"1","Cat A: ≤1600cc or ≤97kW","Oct",2012,69000
"1","Cat B: >1600cc or >97kW","Oct",2012,80001
"1","Cat D: Motorcycles","Oct",2012,1912
"1","Cat C: Buses","Oct",2012,56001
"2","Cat A: ≤1600cc or ≤97kW","Sep",2012,63000
"2","Cat B: >1600cc or >97kW","Sep",2012,88500
"2","Cat D: Motorcycles","Sep",2012,1852
"2","Cat C: Buses","Sep",2012,57809
"1","Cat A: ≤1600cc or ≤97kW","Sep",2012,68000
"1","Cat B: >1600cc or >97kW","Sep",2012,80191
"1","Cat D: Motorcycles","Sep",2012,1801
"1","Cat C: Buses","Sep",2012,57334
"2","Cat A: ≤1600cc or ≤97kW","Aug",2012,66889
"2","Cat B: >1600cc or >97kW","Aug",2012,88002
"2","Cat D: Motorcycles","Aug",2012,2013
"2","Cat C: Buses","Aug",2012,59334
"1","Cat A: ≤1600cc or ≤97kW","Aug",2012,73501
"1","Cat B: >1600cc or >97kW","Aug",2012,94502
"1","Cat D: Motorcycles","Aug",2012,2081
"1","Cat C: Buses","Aug",2012,57001
"2","Cat A: ≤1600cc or ≤97kW","Jul",2012,68656
"2","Cat B: >1600cc or >97kW","Jul",2012,90501
"2","Cat D: Motorcycles","Jul",2012,1859
"2","Cat C: Buses","Jul",2012,55805
"1","Cat A: ≤1600cc or ≤97kW","Jul",2012,59421
"1","Cat B: >1600cc or >97kW","Jul",2012,82289
"1","Cat D: Motorcycles","Jul",2012,1760
"1","Cat C: Buses","Jul",2012,55556
"2","Cat A: ≤1600cc or ≤97kW","Jun",2012,59004
"2","Cat B: >1600cc or >97kW","Jun",2012,85400
"2","Cat D: Motorcycles","Jun",2012,1712
"2","Cat C: Buses","Jun",2012,54502
"1","Cat A: ≤1600cc or ≤97kW","Jun",2012,59003
"1","Cat B: >1600cc or >97kW","Jun",2012,83000
"1","Cat D: Motorcycles","Jun",2012,1912
"1","Cat C: Buses","Jun",2012,54522
"2","Cat A: ≤1600cc or ≤97kW","May",2012,58001
"2","Cat B: >1600cc or >97kW","May",2012,85216
"2","Cat D: Motorcycles","May",2012,1890
"2","Cat C: Buses","May",2012,57106
"1","Cat A: ≤1600cc or ≤97kW","May",2012,62600
"1","Cat B: >1600cc or >97kW","May",2012,92050
"1","Cat D: Motorcycles","May",2012,2021
"1","Cat C: Buses","May",2012,58553
"2","Cat A: ≤1600cc or ≤97kW","Apr",2012,64201
"2","Cat B: >1600cc or >97kW","Apr",2012,91000
"2","Cat D: Motorcycles","Apr",2012,1924
"2","Cat C: Buses","Apr",2012,57589
"1","Cat A: ≤1600cc or ≤97kW","Apr",2012,58501
"1","Cat B: >1600cc or >97kW","Apr",2012,83700
"1","Cat D: Motorcycles","Apr",2012,1896
"1","Cat C: Buses","Apr",2012,53989
"2","Cat A: ≤1600cc or ≤97kW","Mar",2012,56501
"2","Cat B: >1600cc or >97kW","Mar",2012,82003
"2","Cat D: Motorcycles","Mar",2012,2000
"2","Cat C: Buses","Mar",2012,51511
"1","Cat A: ≤1600cc or ≤97kW","Mar",2012,56551
"1","Cat B: >1600cc or >97kW","Mar",2012,79304
"1","Cat D: Motorcycles","Mar",2012,1490
"1","Cat C: Buses","Mar",2012,50009
"2","Cat A: ≤1600cc or ≤97kW","Feb",2012,57009
"2","Cat B: >1600cc or >97kW","Feb",2012,78189
"2","Cat D: Motorcycles","Feb",2012,2012
"2","Cat C: Buses","Feb",2012,52004
"1","Cat A: ≤1600cc or ≤97kW","Feb",2012,52809
"1","Cat B: >1600cc or >97kW","Feb",2012,73890
"1","Cat D: Motorcycles","Feb",2012,1802
"1","Cat C: Buses","Feb",2012,49801
"2","Cat A: ≤1600cc or ≤97kW","Jan",2012,48112
"2","Cat B: >1600cc or >97kW","Jan",2012,67889
"2","Cat D: Motorcycles","Jan",2012,1552
"2","Cat C: Buses","Jan",2012,44001
"1","Cat A: ≤1600cc or ≤97kW","Jan",2012,46889
"1","Cat B: >1600cc or >97kW","Jan",2012,65801
"1","Cat D: Motorcycles","Jan",2012,1682
"1","Cat C: Buses","Jan",2012,38699
"2","Cat A: ≤1600cc or ≤97kW","Dec",2011,50001
"2","Cat B: >1600cc or >97kW","Dec",2011,70003
"2","Cat D: Motorcycles","Dec",2011,1481
"2","Cat C: Buses","Dec",2011,39589
"1","Cat A: ≤1600cc or ≤97kW","Dec",2011,52392
"1","Cat B: >1600cc or >97kW","Dec",2011,72350
"1","Cat D: Motorcycles","Dec",2011,1902
"1","Cat C: Buses","Dec",2011,40009
"2","Cat A: ≤1600cc or ≤97kW","Nov",2011,54887
"2","Cat B: >1600cc or >97kW","Nov",2011,77340
"2","Cat D: Motorcycles","Nov",2011,1889
"2","Cat C: Buses","Nov",2011,40189
"1","Cat A: ≤1600cc or ≤97kW","Nov",2011,55997
"1","Cat B: >1600cc or >97kW","Nov",2011,77000
"1","Cat D: Motorcycles","Nov",2011,2012
"1","Cat C: Buses","Nov",2011,40803
"2","Cat A: ≤1600cc or ≤97kW","Oct",2011,56112
"2","Cat B: >1600cc or >97kW","Oct",2011,75889
"2","Cat D: Motorcycles","Oct",2011,2091
"2","Cat C: Buses","Oct",2011,37011
"1","Cat A: ≤1600cc or ≤97kW","Oct",2011,50289
"1","Cat B: >1600cc or >97kW","Oct",2011,63600
"1","Cat D: Motorcycles","Oct",2011,2078
"1","Cat C: Buses","Oct",2011,32801
"2","Cat A: ≤1600cc or ≤97kW","Sep",2011,48006
"2","Cat B: >1600cc or >97kW","Sep",2011,64889
"2","Cat D: Motorcycles","Sep",2011,2109
"2","Cat C: Buses","Sep",2011,30089
"1","Cat A: ≤1600cc or ≤97kW","Sep",2011,51000
"1","Cat B: >1600cc or >97kW","Sep",2011,63002
"1","Cat D: Motorcycles","Sep",2011,2339
"1","Cat C: Buses","Sep",2011,31900
"2","Cat A: ≤1600cc or ≤97kW","Aug",2011,49301
"2","Cat B: >1600cc or >97kW","Aug",2011,65521
"2","Cat D: Motorcycles","Aug",2011,1999
"2","Cat C: Buses","Aug",2011,32289
"1","Cat A: ≤1600cc or ≤97kW","Aug",2011,48801
"1","Cat B: >1600cc or >97kW","Aug",2011,70890
"1","Cat D: Motorcycles","Aug",2011,1890
"1","Cat C: Buses","Aug",2011,34009
"2","Cat A: ≤1600cc or ≤97kW","Jul",2011,56002
"2","Cat B: >1600cc or >97kW","Jul",2011,72501
"2","Cat D: Motorcycles","Jul",2011,2012
"2","Cat C: Buses","Jul",2011,34502
"1","Cat A: ≤1600cc or ≤97kW","Jul",2011,55989
"1","Cat B: >1600cc or >97kW","Jul",2011,68501
"1","Cat D: Motorcycles","Jul",2011,2360
"1","Cat C: Buses","Jul",2011,32590
"2","Cat A: ≤1600cc or ≤97kW","Jun",2011,50244
"2","Cat B: >1600cc or >97kW","Jun",2011,67700
"2","Cat D: Motorcycles","Jun",2011,2290
"2","Cat C: Buses","Jun",2011,31089
"1","Cat A: ≤1600cc or ≤97kW","Jun",2011,53390
"1","Cat B: >1600cc or >97kW","Jun",2011,63000
"1","Cat D: Motorcycles","Jun",2011,2491
"1","Cat C: Buses","Jun",2011,29006
"2","Cat A: ≤1600cc or ≤97kW","May",2011,46989
"2","Cat B: >1600cc or >97kW","May",2011,56300
"2","Cat D: Motorcycles","May",2011,2013
"2","Cat C: Buses","May",2011,22989
"1","Cat A: ≤1600cc or ≤97kW","May",2011,44790
"1","Cat B: >1600cc or >97kW","May",2011,56011
"1","Cat D: Motorcycles","May",2011,2253
"1","Cat C: Buses","May",2011,21889
"2","Cat A: ≤1600cc or ≤97kW","Apr",2011,44000
"2","Cat B: >1600cc or >97kW","Apr",2011,56801
"2","Cat D: Motorcycles","Apr",2011,2502
"2","Cat C: Buses","Apr",2011,23900
"1","Cat A: ≤1600cc or ≤97kW","Apr",2011,43212
"1","Cat B: >1600cc or >97kW","Apr",2011,55001
"1","Cat D: Motorcycles","Apr",2011,2490
"1","Cat C: Buses","Apr",2011,28189
"2","Cat A: ≤1600cc or ≤97kW","Mar",2011,43813
"2","Cat B: >1600cc or >97kW","Mar",2011,57002
"2","Cat D: Motorcycles","Mar",2011,2534
"2","Cat C: Buses","Mar",2011,29690
"1","Cat A: ≤1600cc or ≤97kW","Mar",2011,42600
"1","Cat B: >1600cc or >97kW","Mar",2011,61894
"1","Cat D: Motorcycles","Mar",2011,2604
"1","Cat C: Buses","Mar",2011,30001
"2","Cat A: ≤1600cc or ≤97kW","Feb",2011,42999
"2","Cat B: >1600cc or >97kW","Feb",2011,62000
"2","Cat D: Motorcycles","Feb",2011,2001
"2","Cat C: Buses","Feb",2011,29011
"1","Cat A: ≤1600cc or ≤97kW","Feb",2011,37124
"1","Cat B: >1600cc or >97kW","Feb",2011,53400
"1","Cat D: Motorcycles","Feb",2011,1819
"1","Cat C: Buses","Feb",2011,28589
"2","Cat A: ≤1600cc or ≤97kW","Jan",2011,40123
"2","Cat B: >1600cc or >97kW","Jan",2011,58910
"2","Cat D: Motorcycles","Jan",2011,1690
"2","Cat C: Buses","Jan",2011,30000
"1","Cat A: ≤1600cc or ≤97kW","Jan",2011,38889
"1","Cat B: >1600cc or >97kW","Jan",2011,69000
"1","Cat D: Motorcycles","Jan",2011,1503
"1","Cat C: Buses","Jan",2011,35111
"2","Cat A: ≤1600cc or ≤97kW","Dec",2010,46129
"2","Cat B: >1600cc or >97kW","Dec",2010,72001
"2","Cat D: Motorcycles","Dec",2010,1551
"2","Cat C: Buses","Dec",2010,33501
"1","Cat A: ≤1600cc or ≤97kW","Dec",2010,47604
"1","Cat B: >1600cc or >97kW","Dec",2010,62502
"1","Cat D: Motorcycles","Dec",2010,1701
"1","Cat C: Buses","Dec",2010,32001
"2","Cat A: ≤1600cc or ≤97kW","Nov",2010,39000
"2","Cat B: >1600cc or >97kW","Nov",2010,47890
"2","Cat D: Motorcycles","Nov",2010,1502
"2","Cat C: Buses","Nov",2010,31202
"1","Cat A: ≤1600cc or ≤97kW","Nov",2010,34001
"1","Cat B: >1600cc or >97kW","Nov",2010,45501
"1","Cat D: Motorcycles","Nov",2010,1452
"1","Cat C: Buses","Nov",2010,31006
"2","Cat A: ≤1600cc or ≤97kW","Oct",2010,32415
"2","Cat B: >1600cc or >97kW","Oct",2010,44600
"2","Cat D: Motorcycles","Oct",2010,1689
"2","Cat C: Buses","Oct",2010,30511
"1","Cat A: ≤1600cc or ≤97kW","Oct",2010,33132
"1","Cat B: >1600cc or >97kW","Oct",2010,42801
"1","Cat D: Motorcycles","Oct",2010,1502
"1","Cat C: Buses","Oct",2010,30889
"2","Cat A: ≤1600cc or ≤97kW","Sep",2010,30001
"2","Cat B: >1600cc or >97kW","Sep",2010,42501
"2","Cat D: Motorcycles","Sep",2010,1452
"2","Cat C: Buses","Sep",2010,31001
"1","Cat A: ≤1600cc or ≤97kW","Sep",2010,33089
"1","Cat B: >1600cc or >97kW","Sep",2010,44129
"1","Cat D: Motorcycles","Sep",2010,1502
"1","Cat C: Buses","Sep",2010,33000
"2","Cat A: ≤1600cc or ≤97kW","Aug",2010,29000
"2","Cat B: >1600cc or >97kW","Aug",2010,42810
"2","Cat D: Motorcycles","Aug",2010,1251
"2","Cat C: Buses","Aug",2010,30002
"1","Cat A: ≤1600cc or ≤97kW","Aug",2010,32104
"1","Cat B: >1600cc or >97kW","Aug",2010,43334
"1","Cat D: Motorcycles","Aug",2010,1301
"1","Cat C: Buses","Aug",2010,30112
"2","Cat A: ≤1600cc or ≤97kW","Jul",2010,36162
"2","Cat B: >1600cc or >97kW","Jul",2010,42889
"2","Cat D: Motorcycles","Jul",2010,1290
"2","Cat C: Buses","Jul",2010,30601
"1","Cat A: ≤1600cc or ≤97kW","Jul",2010,29501
"1","Cat B: >1600cc or >97kW","Jul",2010,35909
"1","Cat D: Motorcycles","Jul",2010,1320
"1","Cat C: Buses","Jul",2010,31389
"2","Cat A: ≤1600cc or ≤97kW","Jun",2010,31510
"2","Cat B: >1600cc or >97kW","Jun",2010,39911
"2","Cat D: Motorcycles","Jun",2010,1454
"2","Cat C: Buses","Jun",2010,31689
"1","Cat A: ≤1600cc or ≤97kW","Jun",2010,30051
"1","Cat B: >1600cc or >97kW","Jun",2010,40002
"1","Cat D: Motorcycles","Jun",2010,1452
"1","Cat C: Buses","Jun",2010,30189
"2","Cat A: ≤1600cc or ≤97kW","May",2010,27389
"2","Cat B: >1600cc or >97kW","May",2010,34600
"2","Cat D: Motorcycles","May",2010,1312
"2","Cat C: Buses","May",2010,29389
"1","Cat A: ≤1600cc or ≤97kW","May",2010,26102
"1","Cat B: >1600cc or >97kW","May",2010,38000
"1","Cat D: Motorcycles","May",2010,1252
"1","Cat C: Buses","May",2010,32501
"2","Cat A: ≤1600cc or ≤97kW","Apr",2010,30000
"2","Cat B: >1600cc or >97kW","Apr",2010,40001
"2","Cat D: Motorcycles","Apr",2010,1253
"2","Cat C: Buses","Apr",2010,35556
"1","Cat A: ≤1600cc or ≤97kW","Apr",2010,34001
"1","Cat B: >1600cc or >97kW","Apr",2010,45501
"1","Cat D: Motorcycles","Apr",2010,1221
"1","Cat C: Buses","Apr",2010,36511
"2","Cat A: ≤1600cc or ≤97kW","Mar",2010,28389
"2","Cat B: >1600cc or >97kW","Mar",2010,36089
"2","Cat D: Motorcycles","Mar",2010,1200
"2","Cat C: Buses","Mar",2010,32890
"1","Cat A: ≤1600cc or ≤97kW","Mar",2010,20802
"1","Cat B: >1600cc or >97kW","Mar",2010,26389
"1","Cat D: Motorcycles","Mar",2010,1159
"1","Cat C: Buses","Mar",2010,27001
"2","Cat A: ≤1600cc or ≤97kW","Feb",2010,20340
"2","Cat B: >1600cc or >97kW","Feb",2010,23889
"2","Cat D: Motorcycles","Feb",2010,1001
"2","Cat C: Buses","Feb",2010,23501
"1","Cat A: ≤1600cc or ≤97kW","Feb",2010,19989
"1","Cat B: >1600cc or >97kW","Feb",2010,23180
"1","Cat D: Motorcycles","Feb",2010,852
"1","Cat C: Buses","Feb",2010,21390
"2","Cat A: ≤1600cc or ≤97kW","Jan",2010,20501
"2","Cat B: >1600cc or >97kW","Jan",2010,22400
"2","Cat D: Motorcycles","Jan",2010,852
"2","Cat C: Buses","Jan",2010,20090
"1","Cat A: ≤1600cc or ≤97kW","Jan",2010,18502
"1","Cat B: >1600cc or >97kW","Jan",2010,19190
"1","Cat D: Motorcycles","Jan",2010,889
"1","Cat C: Buses","Jan",2010,19001
"2","Cat A: ≤1600cc or ≤97kW","Dec",2009,18150
"2","Cat B: >1600cc or >97kW","Dec",2009,17889
"2","Cat D: Motorcycles","Dec",2009,851
"2","Cat C: Buses","Dec",2009,17900
"1","Cat A: ≤1600cc or ≤97kW","Dec",2009,18502
"1","Cat B: >1600cc or >97kW","Dec",2009,19003
"1","Cat D: Motorcycles","Dec",2009,854
"1","Cat C: Buses","Dec",2009,18289
"2","Cat A: ≤1600cc or ≤97kW","Nov",2009,17189
"2","Cat B: >1600cc or >97kW","Nov",2009,18002
"2","Cat D: Motorcycles","Nov",2009,851
"2","Cat C: Buses","Nov",2009,17000
"1","Cat A: ≤1600cc or ≤97kW","Nov",2009,16747
"1","Cat B: >1600cc or >97kW","Nov",2009,18389
"1","Cat D: Motorcycles","Nov",2009,902
"1","Cat C: Buses","Nov",2009,16989
"2","Cat A: ≤1600cc or ≤97kW","Oct",2009,18899
"2","Cat B: >1600cc or >97kW","Oct",2009,19510
"2","Cat D: Motorcycles","Oct",2009,931
"2","Cat C: Buses","Oct",2009,18110
"1","Cat A: ≤1600cc or ≤97kW","Oct",2009,16201
"1","Cat B: >1600cc or >97kW","Oct",2009,18109
"1","Cat D: Motorcycles","Oct",2009,902
"1","Cat C: Buses","Oct",2009,21692
"2","Cat A: ≤1600cc or ≤97kW","Sep",2009,15589
"2","Cat B: >1600cc or >97kW","Sep",2009,19801
"2","Cat D: Motorcycles","Sep",2009,900
"2","Cat C: Buses","Sep",2009,15000
"1","Cat A: ≤1600cc or ≤97kW","Sep",2009,18020
"1","Cat B: >1600cc or >97kW","Sep",2009,19289
"1","Cat D: Motorcycles","Sep",2009,1051
"1","Cat C: Buses","Sep",2009,16001
"2","Cat A: ≤1600cc or ≤97kW","Aug",2009,15019
"2","Cat B: >1600cc or >97kW","Aug",2009,16290
"2","Cat D: Motorcycles","Aug",2009,882
"2","Cat C: Buses","Aug",2009,17501
"1","Cat A: ≤1600cc or ≤97kW","Aug",2009,13658
"1","Cat B: >1600cc or >97kW","Aug",2009,18890
"1","Cat D: Motorcycles","Aug",2009,902
"1","Cat C: Buses","Aug",2009,18801
"2","Cat A: ≤1600cc or ≤97kW","Jul",2009,15291
"2","Cat B: >1600cc or >97kW","Jul",2009,18501
"2","Cat D: Motorcycles","Jul",2009,889
"2","Cat C: Buses","Jul",2009,17410
"1","Cat A: ≤1600cc or ≤97kW","Jul",2009,14310
"1","Cat B: >1600cc or >97kW","Jul",2009,16801
"1","Cat D: Motorcycles","Jul",2009,900
"1","Cat C: Buses","Jul",2009,16888
"2","Cat A: ≤1600cc or ≤97kW","Jun",2009,12899
"2","Cat B: >1600cc or >97kW","Jun",2009,14840
"2","Cat D: Motorcycles","Jun",2009,901
"2","Cat C: Buses","Jun",2009,12615
"1","Cat A: ≤1600cc or ≤97kW","Jun",2009,11690
"1","Cat B: >1600cc or >97kW","Jun",2009,11889
"1","Cat D: Motorcycles","Jun",2009,889
"1","Cat C: Buses","Jun",2009,9690
"2","Cat A: ≤1600cc or ≤97kW","May",2009,9889
"2","Cat B: >1600cc or >97kW","May",2009,9180
"2","Cat D: Motorcycles","May",2009,810
"2","Cat C: Buses","May",2009,7600
"1","Cat A: ≤1600cc or ≤97kW","May",2009,8489
"1","Cat B: >1600cc or >97kW","May",2009,7552
"1","Cat D: Motorcycles","May",2009,902
"1","Cat C: Buses","May",2009,7100
"2","Cat A: ≤1600cc or ≤97kW","Apr",2009,7589
"2","Cat B: >1600cc or >97kW","Apr",2009,7490
"2","Cat D: Motorcycles","Apr",2009,889
"2","Cat C: Buses","Apr",2009,6610
"1","Cat A: ≤1600cc or ≤97kW","Apr",2009,7090
"1","Cat B: >1600cc or >97kW","Apr",2009,7501
"1","Cat D: Motorcycles","Apr",2009,1053
"1","Cat C: Buses","Apr",2009,7302
"2","Cat A: ≤1600cc or ≤97kW","Mar",2009,5116
"2","Cat B: >1600cc or >97kW","Mar",2009,5001
"2","Cat D: Motorcycles","Mar",2009,912
"2","Cat C: Buses","Mar",2009,5600
"1","Cat A: ≤1600cc or ≤97kW","Mar",2009,4890
"1","Cat B: >1600cc or >97kW","Mar",2009,5101
"1","Cat D: Motorcycles","Mar",2009,958
"1","Cat C: Buses","Mar",2009,5300
"2","Cat A: ≤1600cc or ≤97kW","Feb",2009,4460
"2","Cat B: >1600cc or >97kW","Feb",2009,4889
"2","Cat D: Motorcycles","Feb",2009,801
"2","Cat C: Buses","Feb",2009,4190
"1","Cat A: ≤1600cc or ≤97kW","Feb",2009,1020
"1","Cat B: >1600cc or >97kW","Feb",2009,689
"1","Cat D: Motorcycles","Feb",2009,701
"1","Cat C: Buses","Feb",2009,2590
"2","Cat A: ≤1600cc or ≤97kW","Jan",2009,2693
"2","Cat B: >1600cc or >97kW","Jan",2009,200
"2","Cat D: Motorcycles","Jan",2009,900
"2","Cat C: Buses","Jan",2009,2900
"1","Cat A: ≤1600cc or ≤97kW","Jan",2009,5001
"1","Cat B: >1600cc or >97kW","Jan",2009,3089
"1","Cat D: Motorcycles","Jan",2009,1000
"1","Cat C: Buses","Jan",2009,3502
"2","Cat A: ≤1600cc or ≤97kW","Dec",2008,6200
"2","Cat B: >1600cc or >97kW","Dec",2008,2656
"2","Cat D: Motorcycles","Dec",2008,1059
"2","Cat C: Buses","Dec",2008,4001
"1","Cat A: ≤1600cc or ≤97kW","Dec",2008,7721
"1","Cat B: >1600cc or >97kW","Dec",2008,6501
"1","Cat D: Motorcycles","Dec",2008,1102
"1","Cat C: Buses","Dec",2008,5212
"2","Cat A: ≤1600cc or ≤97kW","Nov",2008,2
"2","Cat B: >1600cc or >97kW","Nov",2008,4889
"2","Cat D: Motorcycles","Nov",2008,1012
"2","Cat C: Buses","Nov",2008,6189
"1","Cat A: ≤1600cc or ≤97kW","Nov",2008,10455
"1","Cat B: >1600cc or >97kW","Nov",2008,8301
"1","Cat D: Motorcycles","Nov",2008,1509
"1","Cat C: Buses","Nov",2008,8889
"2","Cat A: ≤1600cc or ≤97kW","Oct",2008,10989
"2","Cat B: >1600cc or >97kW","Oct",2008,7589
"2","Cat D: Motorcycles","Oct",2008,1609
"2","Cat C: Buses","Oct",2008,11503
"1","Cat A: ≤1600cc or ≤97kW","Oct",2008,13801
"1","Cat B: >1600cc or >97kW","Oct",2008,14400
"1","Cat D: Motorcycles","Oct",2008,1889
"1","Cat C: Buses","Oct",2008,15899
"2","Cat A: ≤1600cc or ≤97kW","Sep",2008,14100
"2","Cat B: >1600cc or >97kW","Sep",2008,13301
"2","Cat D: Motorcycles","Sep",2008,1554
"2","Cat C: Buses","Sep",2008,14890
"1","Cat A: ≤1600cc or ≤97kW","Sep",2008,9501
"1","Cat B: >1600cc or >97kW","Sep",2008,13389
"1","Cat D: Motorcycles","Sep",2008,1452
"1","Cat C: Buses","Sep",2008,13889
"2","Cat A: ≤1600cc or ≤97kW","Aug",2008,13289
"2","Cat B: >1600cc or >97kW","Aug",2008,13890
"2","Cat D: Motorcycles","Aug",2008,1310
"2","Cat C: Buses","Aug",2008,12989
"1","Cat A: ≤1600cc or ≤97kW","Aug",2008,12501
"1","Cat B: >1600cc or >97kW","Aug",2008,12889
"1","Cat D: Motorcycles","Aug",2008,1413
"1","Cat C: Buses","Aug",2008,12589
"2","Cat A: ≤1600cc or ≤97kW","Jul",2008,14101
"2","Cat B: >1600cc or >97kW","Jul",2008,14235
"2","Cat D: Motorcycles","Jul",2008,1489
"2","Cat C: Buses","Jul",2008,12659
"1","Cat A: ≤1600cc or ≤97kW","Jul",2008,14685
"1","Cat B: >1600cc or >97kW","Jul",2008,15501
"1","Cat D: Motorcycles","Jul",2008,1551
"1","Cat C: Buses","Jul",2008,12959
"2","Cat A: ≤1600cc or ≤97kW","Jun",2008,14101
"2","Cat B: >1600cc or >97kW","Jun",2008,14689
"2","Cat D: Motorcycles","Jun",2008,1102
"2","Cat C: Buses","Jun",2008,12002
"1","Cat A: ≤1600cc or ≤97kW","Jun",2008,14590
"1","Cat B: >1600cc or >97kW","Jun",2008,14640
"1","Cat D: Motorcycles","Jun",2008,1083
"1","Cat C: Buses","Jun",2008,13501
"2","Cat A: ≤1600cc or ≤97kW","May",2008,15701
"2","Cat B: >1600cc or >97kW","May",2008,17113
"2","Cat D: Motorcycles","May",2008,1109
"2","Cat C: Buses","May",2008,14756
"1","Cat A: ≤1600cc or ≤97kW","May",2008,11009
"1","Cat B: >1600cc or >97kW","May",2008,15889
"1","Cat D: Motorcycles","May",2008,1289
"1","Cat C: Buses","May",2008,15889
"2","Cat A: ≤1600cc or ≤97kW","Apr",2008,15600
"2","Cat B: >1600cc or >97kW","Apr",2008,17510
"2","Cat D: Motorcycles","Apr",2008,1152
"2","Cat C: Buses","Apr",2008,18151
"1","Cat A: ≤1600cc or ≤97kW","Apr",2008,16930
"1","Cat B: >1600cc or >97kW","Apr",2008,19501
"1","Cat D: Motorcycles","Apr",2008,1012
"1","Cat C: Buses","Apr",2008,18900
"2","Cat A: ≤1600cc or ≤97kW","Mar",2008,15389
"2","Cat B: >1600cc or >97kW","Mar",2008,19001
"2","Cat D: Motorcycles","Mar",2008,901
"2","Cat C: Buses","Mar",2008,17610
"1","Cat A: ≤1600cc or ≤97kW","Mar",2008,14351
"1","Cat B: >1600cc or >97kW","Mar",2008,18000
"1","Cat D: Motorcycles","Mar",2008,959
"1","Cat C: Buses","Mar",2008,16310
"2","Cat A: ≤1600cc or ≤97kW","Feb",2008,12856
"2","Cat B: >1600cc or >97kW","Feb",2008,15510
"2","Cat D: Motorcycles","Feb",2008,951
"2","Cat C: Buses","Feb",2008,15002
"1","Cat A: ≤1600cc or ≤97kW","Feb",2008,12002
"1","Cat B: >1600cc or >97kW","Feb",2008,13209
"1","Cat D: Motorcycles","Feb",2008,999
"1","Cat C: Buses","Feb",2008,13001
"2","Cat A: ≤1600cc or ≤97kW","Jan",2008,12001
"2","Cat B: >1600cc or >97kW","Jan",2008,13289
"2","Cat D: Motorcycles","Jan",2008,1012
"2","Cat C: Buses","Jan",2008,12501
"1","Cat A: ≤1600cc or ≤97kW","Jan",2008,14052
"1","Cat B: >1600cc or >97kW","Jan",2008,15989
"1","Cat D: Motorcycles","Jan",2008,1101
"1","Cat C: Buses","Jan",2008,13000
"1","Cat A: ≤1600cc or ≤97kW","Jan",2007,11704
"1","Cat B: >1600cc or >97kW","Jan",2007,13001
"1","Cat C: Buses","Jan",2007,1
"1","Cat D: Motorcycles","Jan",2007,1214
"2","Cat A: ≤1600cc or ≤97kW","Jan",2007,11881
"2","Cat B: >1600cc or >97kW","Jan",2007,12000
"2","Cat C: Buses","Jan",2007,1
"2","Cat D: Motorcycles","Jan",2007,1189
"1","Cat A: ≤1600cc or ≤97kW","Feb",2007,11489
"1","Cat B: >1600cc or >97kW","Feb",2007,12152
"1","Cat C: Buses","Feb",2007,1
"1","Cat D: Motorcycles","Feb",2007,1001
"2","Cat A: ≤1600cc or ≤97kW","Feb",2007,5200
"2","Cat B: >1600cc or >97kW","Feb",2007,6002
"2","Cat C: Buses","Feb",2007,1
"2","Cat D: Motorcycles","Feb",2007,901
"1","Cat A: ≤1600cc or ≤97kW","Mar",2007,12602
"1","Cat B: >1600cc or >97kW","Mar",2007,13502
"1","Cat C: Buses","Mar",2007,1
"1","Cat D: Motorcycles","Mar",2007,964
"2","Cat A: ≤1600cc or ≤97kW","Mar",2007,13504
"2","Cat B: >1600cc or >97kW","Mar",2007,14652
"2","Cat C: Buses","Mar",2007,1091
"2","Cat D: Motorcycles","Mar",2007,1001
"1","Cat A: ≤1600cc or ≤97kW","Apr",2007,14000
"1","Cat B: >1600cc or >97kW","Apr",2007,14889
"1","Cat C: Buses","Apr",2007,2600
"1","Cat D: Motorcycles","Apr",2007,1013
"2","Cat A: ≤1600cc or ≤97kW","Apr",2007,14601
"2","Cat B: >1600cc or >97kW","Apr",2007,15989
"2","Cat C: Buses","Apr",2007,5289
"2","Cat D: Motorcycles","Apr",2007,1184
"1","Cat A: ≤1600cc or ≤97kW","May",2007,16159
"1","Cat B: >1600cc or >97kW","May",2007,17879
"1","Cat C: Buses","May",2007,8300
"1","Cat D: Motorcycles","May",2007,1345
"2","Cat A: ≤1600cc or ≤97kW","May",2007,17010
"2","Cat B: >1600cc or >97kW","May",2007,18900
"2","Cat C: Buses","May",2007,10000
"2","Cat D: Motorcycles","May",2007,1352
"1","Cat A: ≤1600cc or ≤97kW","Jun",2007,16181
"1","Cat B: >1600cc or >97kW","Jun",2007,19802
"1","Cat C: Buses","Jun",2007,6889
"1","Cat D: Motorcycles","Jun",2007,1252
"2","Cat A: ≤1600cc or ≤97kW","Jun",2007,15591
"2","Cat B: >1600cc or >97kW","Jun",2007,18891
"2","Cat C: Buses","Jun",2007,5501
"2","Cat D: Motorcycles","Jun",2007,1053
"1","Cat A: ≤1600cc or ≤97kW","Jul",2007,14801
"1","Cat B: >1600cc or >97kW","Jul",2007,17399
"1","Cat C: Buses","Jul",2007,4909
"1","Cat D: Motorcycles","Jul",2007,1082
"2","Cat A: ≤1600cc or ≤97kW","Jul",2007,16000
"2","Cat B: >1600cc or >97kW","Jul",2007,17602
"2","Cat C: Buses","Jul",2007,3889
"2","Cat D: Motorcycles","Jul",2007,1052
"1","Cat A: ≤1600cc or ≤97kW","Aug",2007,17001
"1","Cat B: >1600cc or >97kW","Aug",2007,18001
"1","Cat C: Buses","Aug",2007,5767
"1","Cat D: Motorcycles","Aug",2007,1251
"2","Cat A: ≤1600cc or ≤97kW","Aug",2007,8118
"2","Cat B: >1600cc or >97kW","Aug",2007,16010
"2","Cat C: Buses","Aug",2007,6890
"2","Cat D: Motorcycles","Aug",2007,1189
"1","Cat A: ≤1600cc or ≤97kW","Sep",2007,17999
"1","Cat B: >1600cc or >97kW","Sep",2007,18200
"1","Cat C: Buses","Sep",2007,9539
"1","Cat D: Motorcycles","Sep",2007,1081
"2","Cat A: ≤1600cc or ≤97kW","Sep",2007,17941
"2","Cat B: >1600cc or >97kW","Sep",2007,19589
"2","Cat C: Buses","Sep",2007,10501
"2","Cat D: Motorcycles","Sep",2007,1054
"1","Cat A: ≤1600cc or ≤97kW","Oct",2007,16999
"1","Cat B: >1600cc or >97kW","Oct",2007,17102
"1","Cat C: Buses","Oct",2007,13989
"1","Cat D: Motorcycles","Oct",2007,1101
"2","Cat A: ≤1600cc or ≤97kW","Oct",2007,12401
"2","Cat B: >1600cc or >97kW","Oct",2007,17589
"2","Cat C: Buses","Oct",2007,15889
"2","Cat D: Motorcycles","Oct",2007,1050
"1","Cat A: ≤1600cc or ≤97kW","Nov",2007,16839
"1","Cat B: >1600cc or >97kW","Nov",2007,18001
"1","Cat C: Buses","Nov",2007,15001
"1","Cat D: Motorcycles","Nov",2007,1301
"2","Cat A: ≤1600cc or ≤97kW","Nov",2007,14404
"2","Cat B: >1600cc or >97kW","Nov",2007,16401
"2","Cat C: Buses","Nov",2007,14389
"2","Cat D: Motorcycles","Nov",2007,1052
"1","Cat A: ≤1600cc or ≤97kW","Dec",2007,12001
"1","Cat B: >1600cc or >97kW","Dec",2007,13114
"1","Cat C: Buses","Dec",2007,13000
"1","Cat D: Motorcycles","Dec",2007,1012
"2","Cat A: ≤1600cc or ≤97kW","Dec",2007,14001
"2","Cat B: >1600cc or >97kW","Dec",2007,15802
"2","Cat C: Buses","Dec",2007,11851
"2","Cat D: Motorcycles","Dec",2007,889
"1","Cat A: ≤1600cc or ≤97kW","Jan",2006,10602
"1","Cat B: >1600cc or >97kW","Jan",2006,11602
"1","Cat C: Buses","Jan",2006,5889
"1","Cat D: Motorcycles","Jan",2006,479
"2","Cat A: ≤1600cc or ≤97kW","Jan",2006,8009
"2","Cat B: >1600cc or >97kW","Jan",2006,9603
"2","Cat C: Buses","Jan",2006,6302
"2","Cat D: Motorcycles","Jan",2006,401
"1","Cat A: ≤1600cc or ≤97kW","Feb",2006,10284
"1","Cat B: >1600cc or >97kW","Feb",2006,9501
"1","Cat C: Buses","Feb",2006,7296
"1","Cat D: Motorcycles","Feb",2006,452
"2","Cat A: ≤1600cc or ≤97kW","Feb",2006,10103
"2","Cat B: >1600cc or >97kW","Feb",2006,10489
"2","Cat C: Buses","Feb",2006,8313
"2","Cat D: Motorcycles","Feb",2006,495
"1","Cat A: ≤1600cc or ≤97kW","Mar",2006,11199
"1","Cat B: >1600cc or >97kW","Mar",2006,12555
"1","Cat C: Buses","Mar",2006,8430
"1","Cat D: Motorcycles","Mar",2006,609
"2","Cat A: ≤1600cc or ≤97kW","Mar",2006,11904
"2","Cat B: >1600cc or >97kW","Mar",2006,13556
"2","Cat C: Buses","Mar",2006,8600
"2","Cat D: Motorcycles","Mar",2006,789
"1","Cat A: ≤1600cc or ≤97kW","Apr",2006,11901
"1","Cat B: >1600cc or >97kW","Apr",2006,13402
"1","Cat C: Buses","Apr",2006,10059
"1","Cat D: Motorcycles","Apr",2006,851
"2","Cat A: ≤1600cc or ≤97kW","Apr",2006,11901
"2","Cat B: >1600cc or >97kW","Apr",2006,13101
"2","Cat C: Buses","Apr",2006,11301
"2","Cat D: Motorcycles","Apr",2006,756
"1","Cat A: ≤1600cc or ≤97kW","May",2006,10003
"1","Cat B: >1600cc or >97kW","May",2006,11519
"1","Cat C: Buses","May",2006,12101
"1","Cat D: Motorcycles","May",2006,802
"2","Cat A: ≤1600cc or ≤97kW","May",2006,10100
"2","Cat B: >1600cc or >97kW","May",2006,11801
"2","Cat C: Buses","May",2006,11100
"2","Cat D: Motorcycles","May",2006,809
"1","Cat A: ≤1600cc or ≤97kW","Jun",2006,11202
"1","Cat B: >1600cc or >97kW","Jun",2006,12200
"1","Cat C: Buses","Jun",2006,8657
"1","Cat D: Motorcycles","Jun",2006,1001
"2","Cat A: ≤1600cc or ≤97kW","Jun",2006,9301
"2","Cat B: >1600cc or >97kW","Jun",2006,11001
"2","Cat C: Buses","Jun",2006,6308
"2","Cat D: Motorcycles","Jun",2006,1061
"1","Cat A: ≤1600cc or ≤97kW","Jul",2006,10201
"1","Cat B: >1600cc or >97kW","Jul",2006,10801
"1","Cat C: Buses","Jul",2006,5951
"1","Cat D: Motorcycles","Jul",2006,900
"2","Cat A: ≤1600cc or ≤97kW","Jul",2006,10803
"2","Cat B: >1600cc or >97kW","Jul",2006,10600
"2","Cat C: Buses","Jul",2006,5501
"2","Cat D: Motorcycles","Jul",2006,881
"1","Cat A: ≤1600cc or ≤97kW","Aug",2006,11901
"1","Cat B: >1600cc or >97kW","Aug",2006,12501
"1","Cat C: Buses","Aug",2006,9001
"1","Cat D: Motorcycles","Aug",2006,1057
"2","Cat A: ≤1600cc or ≤97kW","Aug",2006,12989
"2","Cat B: >1600cc or >97kW","Aug",2006,13890
"2","Cat C: Buses","Aug",2006,10806
"2","Cat D: Motorcycles","Aug",2006,902
"1","Cat A: ≤1600cc or ≤97kW","Sep",2006,13003
"1","Cat B: >1600cc or >97kW","Sep",2006,14701
"1","Cat C: Buses","Sep",2006,15201
"1","Cat D: Motorcycles","Sep",2006,902
"2","Cat A: ≤1600cc or ≤97kW","Sep",2006,13102
"2","Cat B: >1600cc or >97kW","Sep",2006,14399
"2","Cat C: Buses","Sep",2006,14200
"2","Cat D: Motorcycles","Sep",2006,857
"1","Cat A: ≤1600cc or ≤97kW","Oct",2006,12001
"1","Cat B: >1600cc or >97kW","Oct",2006,12501
"1","Cat C: Buses","Oct",2006,11203
"1","Cat D: Motorcycles","Oct",2006,1001
"2","Cat A: ≤1600cc or ≤97kW","Oct",2006,10510
"2","Cat B: >1600cc or >97kW","Oct",2006,12989
"2","Cat C: Buses","Oct",2006,2001
"2","Cat D: Motorcycles","Oct",2006,1102
"1","Cat A: ≤1600cc or ≤97kW","Nov",2006,12979
"1","Cat B: >1600cc or >97kW","Nov",2006,13811
"1","Cat C: Buses","Nov",2006,3669
"1","Cat D: Motorcycles","Nov",2006,1201
"2","Cat A: ≤1600cc or ≤97kW","Nov",2006,12689
"2","Cat B: >1600cc or >97kW","Nov",2006,14509
"2","Cat C: Buses","Nov",2006,1003
"2","Cat D: Motorcycles","Nov",2006,702
"1","Cat A: ≤1600cc or ≤97kW","Dec",2006,12200
"1","Cat B: >1600cc or >97kW","Dec",2006,14389
"1","Cat C: Buses","Dec",2006,509
"1","Cat D: Motorcycles","Dec",2006,1251
"2","Cat A: ≤1600cc or ≤97kW","Dec",2006,9605
"2","Cat B: >1600cc or >97kW","Dec",2006,12889
"2","Cat C: Buses","Dec",2006,1
"2","Cat D: Motorcycles","Dec",2006,1210
"1","Cat A: ≤1600cc or ≤97kW","Jan",2005,18400
"1","Cat B: >1600cc or >97kW","Jan",2005,14002
"1","Cat C: Buses","Jan",2005,3710
"1","Cat D: Motorcycles","Jan",2005,552
"2","Cat A: ≤1600cc or ≤97kW","Jan",2005,19501
"2","Cat B: >1600cc or >97kW","Jan",2005,19502
"2","Cat C: Buses","Jan",2005,4189
"2","Cat D: Motorcycles","Jan",2005,511
"1","Cat A: ≤1600cc or ≤97kW","Feb",2005,18200
"1","Cat B: >1600cc or >97kW","Feb",2005,16533
"1","Cat C: Buses","Feb",2005,4301
"1","Cat D: Motorcycles","Feb",2005,224
"2","Cat A: ≤1600cc or ≤97kW","Feb",2005,18159
"2","Cat B: >1600cc or >97kW","Feb",2005,16891
"2","Cat C: Buses","Feb",2005,4499
"2","Cat D: Motorcycles","Feb",2005,512
"1","Cat A: ≤1600cc or ≤97kW","Mar",2005,20654
"1","Cat B: >1600cc or >97kW","Mar",2005,21710
"1","Cat C: Buses","Mar",2005,6590
"1","Cat D: Motorcycles","Mar",2005,851
"2","Cat A: ≤1600cc or ≤97kW","Mar",2005,18901
"2","Cat B: >1600cc or >97kW","Mar",2005,18001
"2","Cat C: Buses","Mar",2005,7100
"2","Cat D: Motorcycles","Mar",2005,781
"1","Cat A: ≤1600cc or ≤97kW","Apr",2005,18279
"1","Cat B: >1600cc or >97kW","Apr",2005,16110
"1","Cat C: Buses","Apr",2005,7100
"1","Cat D: Motorcycles","Apr",2005,603
"2","Cat A: ≤1600cc or ≤97kW","Apr",2005,18101
"2","Cat B: >1600cc or >97kW","Apr",2005,17701
"2","Cat C: Buses","Apr",2005,6841
"2","Cat D: Motorcycles","Apr",2005,591
"1","Cat A: ≤1600cc or ≤97kW","May",2005,17398
"1","Cat B: >1600cc or >97kW","May",2005,16508
"1","Cat C: Buses","May",2005,5800
"1","Cat D: Motorcycles","May",2005,702
"2","Cat A: ≤1600cc or ≤97kW","May",2005,16897
"2","Cat B: >1600cc or >97kW","May",2005,16108
"2","Cat C: Buses","May",2005,5900
"2","Cat D: Motorcycles","May",2005,782
"1","Cat A: ≤1600cc or ≤97kW","Jun",2005,17481
"1","Cat B: >1600cc or >97kW","Jun",2005,16002
"1","Cat C: Buses","Jun",2005,6450
"1","Cat D: Motorcycles","Jun",2005,699
"2","Cat A: ≤1600cc or ≤97kW","Jun",2005,17289
"2","Cat B: >1600cc or >97kW","Jun",2005,15001
"2","Cat C: Buses","Jun",2005,6101
"2","Cat D: Motorcycles","Jun",2005,701
"1","Cat A: ≤1600cc or ≤97kW","Jul",2005,16112
"1","Cat B: >1600cc or >97kW","Jul",2005,15501
"1","Cat C: Buses","Jul",2005,6524
"1","Cat D: Motorcycles","Jul",2005,752
"2","Cat A: ≤1600cc or ≤97kW","Jul",2005,16500
"2","Cat B: >1600cc or >97kW","Jul",2005,16501
"2","Cat C: Buses","Jul",2005,6501
"2","Cat D: Motorcycles","Jul",2005,652
"1","Cat A: ≤1600cc or ≤97kW","Aug",2005,16502
"1","Cat B: >1600cc or >97kW","Aug",2005,15889
"1","Cat C: Buses","Aug",2005,6500
"1","Cat D: Motorcycles","Aug",2005,673
"2","Cat A: ≤1600cc or ≤97kW","Aug",2005,16101
"2","Cat B: >1600cc or >97kW","Aug",2005,16303
"2","Cat C: Buses","Aug",2005,6420
"2","Cat D: Motorcycles","Aug",2005,652
"1","Cat A: ≤1600cc or ≤97kW","Sep",2005,16461
"1","Cat B: >1600cc or >97kW","Sep",2005,16889
"1","Cat C: Buses","Sep",2005,7101
"1","Cat D: Motorcycles","Sep",2005,656
"2","Cat A: ≤1600cc or ≤97kW","Sep",2005,15309
"2","Cat B: >1600cc or >97kW","Sep",2005,14808
"2","Cat C: Buses","Sep",2005,7264
"2","Cat D: Motorcycles","Sep",2005,590
"1","Cat A: ≤1600cc or ≤97kW","Oct",2005,11991
"1","Cat B: >1600cc or >97kW","Oct",2005,11002
"1","Cat C: Buses","Oct",2005,7334
"1","Cat D: Motorcycles","Oct",2005,551
"2","Cat A: ≤1600cc or ≤97kW","Oct",2005,14501
"2","Cat B: >1600cc or >97kW","Oct",2005,14101
"2","Cat C: Buses","Oct",2005,7911
"2","Cat D: Motorcycles","Oct",2005,571
"1","Cat A: ≤1600cc or ≤97kW","Nov",2005,14700
"1","Cat B: >1600cc or >97kW","Nov",2005,14751
"1","Cat C: Buses","Nov",2005,8889
"1","Cat D: Motorcycles","Nov",2005,602
"2","Cat A: ≤1600cc or ≤97kW","Nov",2005,14001
"2","Cat B: >1600cc or >97kW","Nov",2005,14897
"2","Cat C: Buses","Nov",2005,8711
"2","Cat D: Motorcycles","Nov",2005,579
"1","Cat A: ≤1600cc or ≤97kW","Dec",2005,13700
"1","Cat B: >1600cc or >97kW","Dec",2005,13301
"1","Cat C: Buses","Dec",2005,8501
"1","Cat D: Motorcycles","Dec",2005,554
"2","Cat A: ≤1600cc or ≤97kW","Dec",2005,12081
"2","Cat B: >1600cc or >97kW","Dec",2005,9001
"2","Cat C: Buses","Dec",2005,5010
"2","Cat D: Motorcycles","Dec",2005,552
"1","Cat A: ≤1600cc or ≤97kW","Jan",2004,23801
"1","Cat B: >1600cc or >97kW","Jan",2004,24293
"1","Cat C: Buses","Jan",2004,6119
"1","Cat D: Motorcycles","Jan",2004,251
"2","Cat A: ≤1600cc or ≤97kW","Jan",2004,24001
"2","Cat B: >1600cc or >97kW","Jan",2004,22002
"2","Cat C: Buses","Jan",2004,5502
"2","Cat D: Motorcycles","Jan",2004,210
"1","Cat A: ≤1600cc or ≤97kW","Feb",2004,24489
"1","Cat B: >1600cc or >97kW","Feb",2004,23508
"1","Cat C: Buses","Feb",2004,5497
"1","Cat D: Motorcycles","Feb",2004,189
"2","Cat A: ≤1600cc or ≤97kW","Feb",2004,24389
"2","Cat B: >1600cc or >97kW","Feb",2004,22001
"2","Cat C: Buses","Feb",2004,5700
"2","Cat D: Motorcycles","Feb",2004,169
"1","Cat A: ≤1600cc or ≤97kW","Mar",2004,24597
"1","Cat B: >1600cc or >97kW","Mar",2004,25699
"1","Cat C: Buses","Mar",2004,7226
"1","Cat D: Motorcycles","Mar",2004,203
"2","Cat A: ≤1600cc or ≤97kW","Mar",2004,24940
"2","Cat B: >1600cc or >97kW","Mar",2004,25058
"2","Cat C: Buses","Mar",2004,8658
"2","Cat D: Motorcycles","Mar",2004,456
"1","Cat A: ≤1600cc or ≤97kW","Apr",2004,26689
"1","Cat B: >1600cc or >97kW","Apr",2004,28001
"1","Cat C: Buses","Apr",2004,12809
"1","Cat D: Motorcycles","Apr",2004,851
"2","Cat A: ≤1600cc or ≤97kW","Apr",2004,27564
"2","Cat B: >1600cc or >97kW","Apr",2004,28022
"2","Cat C: Buses","Apr",2004,15202
"2","Cat D: Motorcycles","Apr",2004,853
"1","Cat A: ≤1600cc or ≤97kW","May",2004,27507
"1","Cat B: >1600cc or >97kW","May",2004,26700
"1","Cat C: Buses","May",2004,13089
"1","Cat D: Motorcycles","May",2004,803
"2","Cat A: ≤1600cc or ≤97kW","May",2004,27501
"2","Cat B: >1600cc or >97kW","May",2004,27990
"2","Cat C: Buses","May",2004,11101
"2","Cat D: Motorcycles","May",2004,801
"1","Cat A: ≤1600cc or ≤97kW","Jun",2004,28798
"1","Cat B: >1600cc or >97kW","Jun",2004,30300
"1","Cat C: Buses","Jun",2004,9003
"1","Cat D: Motorcycles","Jun",2004,1001
"2","Cat A: ≤1600cc or ≤97kW","Jun",2004,28331
"2","Cat B: >1600cc or >97kW","Jun",2004,30400
"2","Cat C: Buses","Jun",2004,8989
"2","Cat D: Motorcycles","Jun",2004,722
"1","Cat A: ≤1600cc or ≤97kW","Jul",2004,27769
"1","Cat B: >1600cc or >97kW","Jul",2004,28990
"1","Cat C: Buses","Jul",2004,8626
"1","Cat D: Motorcycles","Jul",2004,658
"2","Cat A: ≤1600cc or ≤97kW","Jul",2004,27019
"2","Cat B: >1600cc or >97kW","Jul",2004,27001
"2","Cat C: Buses","Jul",2004,8503
"2","Cat D: Motorcycles","Jul",2004,551
"1","Cat A: ≤1600cc or ≤97kW","Aug",2004,26298
"1","Cat B: >1600cc or >97kW","Aug",2004,27086
"1","Cat C: Buses","Aug",2004,8192
"1","Cat D: Motorcycles","Aug",2004,652
"2","Cat A: ≤1600cc or ≤97kW","Aug",2004,25797
"2","Cat B: >1600cc or >97kW","Aug",2004,26301
"2","Cat C: Buses","Aug",2004,7300
"2","Cat D: Motorcycles","Aug",2004,564
"1","Cat A: ≤1600cc or ≤97kW","Sep",2004,26801
"1","Cat B: >1600cc or >97kW","Sep",2004,27799
"1","Cat C: Buses","Sep",2004,7500
"1","Cat D: Motorcycles","Sep",2004,701
"2","Cat A: ≤1600cc or ≤97kW","Sep",2004,24189
"2","Cat B: >1600cc or >97kW","Sep",2004,26101
"2","Cat C: Buses","Sep",2004,6797
"2","Cat D: Motorcycles","Sep",2004,699
"1","Cat A: ≤1600cc or ≤97kW","Oct",2004,23001
"1","Cat B: >1600cc or >97kW","Oct",2004,23001
"1","Cat C: Buses","Oct",2004,6300
"1","Cat D: Motorcycles","Oct",2004,652
"2","Cat A: ≤1600cc or ≤97kW","Oct",2004,23784
"2","Cat B: >1600cc or >97kW","Oct",2004,23005
"2","Cat C: Buses","Oct",2004,5989
"2","Cat D: Motorcycles","Oct",2004,602
"1","Cat A: ≤1600cc or ≤97kW","Nov",2004,22496
"1","Cat B: >1600cc or >97kW","Nov",2004,21301
"1","Cat C: Buses","Nov",2004,5795
"1","Cat D: Motorcycles","Nov",2004,651
"2","Cat A: ≤1600cc or ≤97kW","Nov",2004,22001
"2","Cat B: >1600cc or >97kW","Nov",2004,20300
"2","Cat C: Buses","Nov",2004,5001
"2","Cat D: Motorcycles","Nov",2004,611
"1","Cat A: ≤1600cc or ≤97kW","Dec",2004,22463
"1","Cat B: >1600cc or >97kW","Dec",2004,21302
"1","Cat C: Buses","Dec",2004,4851
"1","Cat D: Motorcycles","Dec",2004,663
"2","Cat A: ≤1600cc or ≤97kW","Dec",2004,20117
"2","Cat B: >1600cc or >97kW","Dec",2004,18708
"2","Cat C: Buses","Dec",2004,4301
"2","Cat D: Motorcycles","Dec",2004,601
"1","Cat A: ≤1600cc or ≤97kW","Jan",2003,28489
"1","Cat B: >1600cc or >97kW","Jan",2003,29099
"1","Cat C: Buses","Jan",2003,13101
"1","Cat D: Motorcycles","Jan",2003,1
"2","Cat A: ≤1600cc or ≤97kW","Jan",2003,26499
"2","Cat B: >1600cc or >97kW","Jan",2003,25028
"2","Cat C: Buses","Jan",2003,11910
"2","Cat D: Motorcycles","Jan",2003,1
"1","Cat A: ≤1600cc or ≤97kW","Feb",2003,31003
"1","Cat B: >1600cc or >97kW","Feb",2003,33657
"1","Cat C: Buses","Feb",2003,12586
"1","Cat D: Motorcycles","Feb",2003,1
"2","Cat A: ≤1600cc or ≤97kW","Feb",2003,29999
"2","Cat B: >1600cc or >97kW","Feb",2003,30699
"2","Cat C: Buses","Feb",2003,11201
"2","Cat D: Motorcycles","Feb",2003,1
"1","Cat A: ≤1600cc or ≤97kW","Mar",2003,28308
"1","Cat B: >1600cc or >97kW","Mar",2003,27999
"1","Cat C: Buses","Mar",2003,11208
"1","Cat D: Motorcycles","Mar",2003,1
"2","Cat A: ≤1600cc or ≤97kW","Mar",2003,26999
"2","Cat B: >1600cc or >97kW","Mar",2003,26001
"2","Cat C: Buses","Mar",2003,10509
"2","Cat D: Motorcycles","Mar",2003,1
"1","Cat A: ≤1600cc or ≤97kW","Apr",2003,27497
"1","Cat B: >1600cc or >97kW","Apr",2003,26601
"1","Cat C: Buses","Apr",2003,11122
"1","Cat D: Motorcycles","Apr",2003,136
"2","Cat A: ≤1600cc or ≤97kW","Apr",2003,28054
"2","Cat B: >1600cc or >97kW","Apr",2003,27058
"2","Cat C: Buses","Apr",2003,11113
"2","Cat D: Motorcycles","Apr",2003,202
"1","Cat A: ≤1600cc or ≤97kW","May",2003,29299
"1","Cat B: >1600cc or >97kW","May",2003,28589
"1","Cat C: Buses","May",2003,10889
"1","Cat D: Motorcycles","May",2003,233
"2","Cat A: ≤1600cc or ≤97kW","May",2003,31095
"2","Cat B: >1600cc or >97kW","May",2003,31400
"2","Cat C: Buses","May",2003,10710
"2","Cat D: Motorcycles","May",2003,351
"1","Cat A: ≤1600cc or ≤97kW","Jun",2003,31799
"1","Cat B: >1600cc or >97kW","Jun",2003,31501
"1","Cat C: Buses","Jun",2003,10899
"1","Cat D: Motorcycles","Jun",2003,452
"2","Cat A: ≤1600cc or ≤97kW","Jun",2003,31440
"2","Cat B: >1600cc or >97kW","Jun",2003,31505
"2","Cat C: Buses","Jun",2003,11301
"2","Cat D: Motorcycles","Jun",2003,502
"1","Cat A: ≤1600cc or ≤97kW","Jul",2003,32079
"1","Cat B: >1600cc or >97kW","Jul",2003,32779
"1","Cat C: Buses","Jul",2003,11995
"1","Cat D: Motorcycles","Jul",2003,503
"2","Cat A: ≤1600cc or ≤97kW","Jul",2003,31501
"2","Cat B: >1600cc or >97kW","Jul",2003,31889
"2","Cat C: Buses","Jul",2003,12089
"2","Cat D: Motorcycles","Jul",2003,404
"1","Cat A: ≤1600cc or ≤97kW","Aug",2003,30497
"1","Cat B: >1600cc or >97kW","Aug",2003,31001
"1","Cat C: Buses","Aug",2003,12000
"1","Cat D: Motorcycles","Aug",2003,405
"2","Cat A: ≤1600cc or ≤97kW","Aug",2003,30989
"2","Cat B: >1600cc or >97kW","Aug",2003,29900
"2","Cat C: Buses","Aug",2003,10999
"2","Cat D: Motorcycles","Aug",2003,369
"1","Cat A: ≤1600cc or ≤97kW","Sep",2003,25011
"1","Cat B: >1600cc or >97kW","Sep",2003,28001
"1","Cat C: Buses","Sep",2003,9981
"1","Cat D: Motorcycles","Sep",2003,302
"2","Cat A: ≤1600cc or ≤97kW","Sep",2003,30629
"2","Cat B: >1600cc or >97kW","Sep",2003,30048
"2","Cat C: Buses","Sep",2003,10023
"2","Cat D: Motorcycles","Sep",2003,303
"1","Cat A: ≤1600cc or ≤97kW","Oct",2003,28915
"1","Cat B: >1600cc or >97kW","Oct",2003,28199
"1","Cat C: Buses","Oct",2003,9889
"1","Cat D: Motorcycles","Oct",2003,270
"2","Cat A: ≤1600cc or ≤97kW","Oct",2003,28300
"2","Cat B: >1600cc or >97kW","Oct",2003,27989
"2","Cat C: Buses","Oct",2003,9090
"2","Cat D: Motorcycles","Oct",2003,280
"1","Cat A: ≤1600cc or ≤97kW","Nov",2003,26338
"1","Cat B: >1600cc or >97kW","Nov",2003,26001
"1","Cat C: Buses","Nov",2003,8489
"1","Cat D: Motorcycles","Nov",2003,202
"2","Cat A: ≤1600cc or ≤97kW","Nov",2003,26725
"2","Cat B: >1600cc or >97kW","Nov",2003,25481
"2","Cat C: Buses","Nov",2003,7789
"2","Cat D: Motorcycles","Nov",2003,221
"1","Cat A: ≤1600cc or ≤97kW","Dec",2003,24401
"1","Cat B: >1600cc or >97kW","Dec",2003,24112
"1","Cat C: Buses","Dec",2003,6941
"1","Cat D: Motorcycles","Dec",2003,200
"2","Cat A: ≤1600cc or ≤97kW","Dec",2003,24251
"2","Cat B: >1600cc or >97kW","Dec",2003,22295
"2","Cat C: Buses","Dec",2003,6508
"2","Cat D: Motorcycles","Dec",2003,221
"1","Cat A: ≤1600cc or ≤97kW","Apr",2002,37201
"1","Cat B: >1600cc or >97kW","Apr",2002,39509
"1","Cat C: Buses","Apr",2002,23001
"1","Cat D: Motorcycles","Apr",2002,540
"2","Cat A: ≤1600cc or ≤97kW","Apr",2002,36000
"2","Cat B: >1600cc or >97kW","Apr",2002,42101
"2","Cat C: Buses","Apr",2002,24001
"2","Cat D: Motorcycles","Apr",2002,409
"1","Cat A: ≤1600cc or ≤97kW","May",2002,35000
"1","Cat B: >1600cc or >97kW","May",2002,40001
"1","Cat C: Buses","May",2002,24801
"1","Cat D: Motorcycles","May",2002,402
"2","Cat A: ≤1600cc or ≤97kW","May",2002,33401
"2","Cat B: >1600cc or >97kW","May",2002,38001
"2","Cat C: Buses","May",2002,24002
"2","Cat D: Motorcycles","May",2002,283
"1","Cat A: ≤1600cc or ≤97kW","Jun",2002,33009
"1","Cat B: >1600cc or >97kW","Jun",2002,33001
"1","Cat C: Buses","Jun",2002,22804
"1","Cat D: Motorcycles","Jun",2002,109
"2","Cat A: ≤1600cc or ≤97kW","Jun",2002,30281
"2","Cat B: >1600cc or >97kW","Jun",2002,32499
"2","Cat C: Buses","Jun",2002,20434
"2","Cat D: Motorcycles","Jun",2002,96
"1","Cat A: ≤1600cc or ≤97kW","Jul",2002,31407
"1","Cat B: >1600cc or >97kW","Jul",2002,31583
"1","Cat C: Buses","Jul",2002,17501
"1","Cat D: Motorcycles","Jul",2002,57
"2","Cat A: ≤1600cc or ≤97kW","Jul",2002,30797
"2","Cat B: >1600cc or >97kW","Jul",2002,30008
"2","Cat C: Buses","Jul",2002,16889
"2","Cat D: Motorcycles","Jul",2002,101
"1","Cat A: ≤1600cc or ≤97kW","Aug",2002,30289
"1","Cat B: >1600cc or >97kW","Aug",2002,31889
"1","Cat C: Buses","Aug",2002,16501
"1","Cat D: Motorcycles","Aug",2002,116
"2","Cat A: ≤1600cc or ≤97kW","Aug",2002,31289
"2","Cat B: >1600cc or >97kW","Aug",2002,32001
"2","Cat C: Buses","Aug",2002,16409
"2","Cat D: Motorcycles","Aug",2002,81
"1","Cat A: ≤1600cc or ≤97kW","Sep",2002,30501
"1","Cat B: >1600cc or >97kW","Sep",2002,31617
"1","Cat C: Buses","Sep",2002,16403
"1","Cat D: Motorcycles","Sep",2002,52
"2","Cat A: ≤1600cc or ≤97kW","Sep",2002,28409
"2","Cat B: >1600cc or >97kW","Sep",2002,28009
"2","Cat C: Buses","Sep",2002,16409
"2","Cat D: Motorcycles","Sep",2002,21
"1","Cat A: ≤1600cc or ≤97kW","Oct",2002,31334
"1","Cat B: >1600cc or >97kW","Oct",2002,31795
"1","Cat C: Buses","Oct",2002,17581
"1","Cat D: Motorcycles","Oct",2002,36
"2","Cat A: ≤1600cc or ≤97kW","Oct",2002,30758
"2","Cat B: >1600cc or >97kW","Oct",2002,30811
"2","Cat C: Buses","Oct",2002,16819
"2","Cat D: Motorcycles","Oct",2002,22
"1","Cat A: ≤1600cc or ≤97kW","Nov",2002,29113
"1","Cat B: >1600cc or >97kW","Nov",2002,27667
"1","Cat C: Buses","Nov",2002,14995
"1","Cat D: Motorcycles","Nov",2002,10
"2","Cat A: ≤1600cc or ≤97kW","Nov",2002,29008
"2","Cat B: >1600cc or >97kW","Nov",2002,28001
"2","Cat C: Buses","Nov",2002,13789
"2","Cat D: Motorcycles","Nov",2002,1
"1","Cat A: ≤1600cc or ≤97kW","Dec",2002,28501
"1","Cat B: >1600cc or >97kW","Dec",2002,27289
"1","Cat C: Buses","Dec",2002,12552
"1","Cat D: Motorcycles","Dec",2002,3
"2","Cat A: ≤1600cc or ≤97kW","Dec",2002,26993
"2","Cat B: >1600cc or >97kW","Dec",2002,23890
"2","Cat C: Buses","Dec",2002,10001
"2","Cat D: Motorcycles","Dec",2002,1
